"# Sensor Name: external_sensor, Pin: 10, InfluxDB Org: thz_lab, InfluxDB Bucket: sensor_data"
date,time,temperature,humidity
2026-09-23,00:00:19,23.6,48.0
2026-09-23,00:00:49,23.6,48.0
2026-09-23,00:01:19,23.6,48.0
2026-09-23,00:01:49,23.6,48.0
2026-09-23,00:02:19,23.6,48.0
2026-09-23,00:02:49,23.6,48.1
2026-09-23,00:03:19,23.5,48.1
2026-09-23,00:03:49,23.5,48.1
2026-09-23,00:04:19,23.5,48.1
2026-09-23,00:04:51,23.5,48.2
2026-09-23,00:05:19,23.5,48.1
2026-09-23,00:05:49,23.5,48.2
2026-09-23,00:06:19,23.5,48.2
2026-09-23,00:06:49,23.5,48.2
2026-09-23,00:07:19,23.5,48.2
2026-09-23,00:07:49,23.5,48.2
2026-09-23,00:08:19,23.5,48.1
2026-09-23,00:08:51,23.6,48.0
2026-09-23,00:09:21,23.7,47.9
2026-09-23,00:09:49,23.7,47.9
2026-09-23,00:10:19,23.7,47.9
2026-09-23,00:10:49,23.7,47.9
2026-09-23,00:11:19,23.7,47.8
2026-09-23,00:11:49,23.7,47.8
2026-09-23,00:12:19,23.7,47.7
2026-09-23,00:12:49,23.7,47.8
2026-09-23,00:13:19,23.7,47.7
2026-09-23,00:13:49,23.7,47.8
2026-09-23,00:14:19,23.7,47.8
2026-09-23,00:14:49,23.7,47.7
2026-09-23,00:15:19,23.8,47.7
2026-09-23,00:15:49,23.8,47.7
2026-09-23,00:16:19,23.8,47.6
2026-09-23,00:16:49,23.7,47.6
2026-09-23,00:17:19,23.7,47.7
2026-09-23,00:17:49,23.7,47.8
2026-09-23,00:18:19,23.7,47.8
2026-09-23,00:18:49,23.6,47.8
2026-09-23,00:19:19,23.6,47.8
2026-09-23,00:19:49,23.6,47.8
2026-09-23,00:20:19,23.6,47.9
2026-09-23,00:20:49,23.6,47.9
2026-09-23,00:21:19,23.6,47.9
2026-09-23,00:21:49,23.6,47.9
2026-09-23,00:22:19,23.6,47.9
2026-09-23,00:22:49,23.6,47.9
2026-09-23,00:23:19,23.6,47.9
2026-09-23,00:23:49,23.6,47.9
2026-09-23,00:24:19,23.7,47.8
2026-09-23,00:24:49,23.7,47.8
2026-09-23,00:25:19,23.7,47.8
2026-09-23,00:25:49,23.7,47.8
2026-09-23,00:26:19,23.7,47.8
2026-09-23,00:26:49,23.7,47.7
2026-09-23,00:27:19,23.7,47.8
2026-09-23,00:27:49,23.6,47.8
2026-09-23,00:28:19,23.6,47.8
2026-09-23,00:28:49,23.6,47.8
2026-09-23,00:29:19,23.7,47.9
2026-09-23,00:29:49,23.6,47.8
2026-09-23,00:30:19,23.6,47.8
2026-09-23,00:30:49,23.7,47.8
2026-09-23,00:31:19,23.7,47.8
2026-09-23,00:31:49,23.7,47.8
2026-09-23,00:32:19,23.7,47.8
2026-09-23,00:32:49,23.7,47.7
2026-09-23,00:33:19,23.7,47.8
2026-09-23,00:33:49,23.7,47.8
2026-09-23,00:34:19,23.7,47.8
2026-09-23,00:34:49,23.7,47.8
2026-09-23,00:35:19,23.6,47.8
2026-09-23,00:35:49,23.6,47.8
2026-09-23,00:36:19,23.6,47.9
2026-09-23,00:36:49,23.6,47.9
2026-09-23,00:37:19,23.6,48.0
2026-09-23,00:37:51,23.6,48.0
2026-09-23,00:38:19,23.6,47.9
2026-09-23,00:38:49,23.6,48.0
2026-09-23,00:39:19,23.6,48.0
2026-09-23,00:39:49,23.6,48.0
2026-09-23,00:40:19,23.6,48.0
2026-09-23,00:40:49,23.6,48.0
2026-09-23,00:41:19,23.6,48.0
2026-09-23,00:41:49,23.6,48.1
2026-09-23,00:42:19,23.6,48.1
2026-09-23,00:42:49,23.6,48.1
2026-09-23,00:43:19,23.5,48.0
2026-09-23,00:43:49,23.6,48.1
2026-09-23,00:44:19,23.5,48.1
2026-09-23,00:44:49,23.6,48.1
2026-09-23,00:45:19,23.6,48.1
2026-09-23,00:45:49,23.5,48.1
2026-09-23,00:46:19,23.6,48.1
2026-09-23,00:46:49,23.6,48.1
2026-09-23,00:47:19,23.5,48.1
2026-09-23,00:47:49,23.5,48.1
2026-09-23,00:48:19,23.5,48.1
2026-09-23,00:48:49,23.5,48.1
2026-09-23,00:49:19,23.5,48.1
2026-09-23,00:49:49,23.6,48.1
2026-09-23,00:50:21,23.6,48.2
2026-09-23,00:50:49,23.6,48.1
2026-09-23,00:51:19,23.5,48.2
2026-09-23,00:51:49,23.6,48.1
2026-09-23,00:52:19,23.6,48.1
2026-09-23,00:52:49,23.5,48.1
2026-09-23,00:53:19,23.6,48.1
2026-09-23,00:53:49,23.6,48.1
2026-09-23,00:54:19,23.5,48.1
2026-09-23,00:54:49,23.6,48.2
2026-09-23,00:55:19,23.6,48.2
2026-09-23,00:55:51,23.5,48.2
2026-09-23,00:56:19,23.5,48.1
2026-09-23,00:56:49,23.5,48.2
2026-09-23,00:57:19,23.5,48.2
2026-09-23,00:57:49,23.5,48.2
2026-09-23,00:58:19,23.5,48.2
2026-09-23,00:58:49,23.5,48.2
2026-09-23,00:59:19,23.5,48.2
2026-09-23,00:59:49,23.5,48.2
2026-09-23,01:00:19,23.5,48.2
2026-09-23,01:00:49,23.5,48.2
2026-09-23,01:01:21,23.5,48.2
2026-09-23,01:01:49,23.5,48.1
2026-09-23,01:02:19,23.5,48.2
2026-09-23,01:02:49,23.5,48.2
2026-09-23,01:03:19,23.5,48.2
2026-09-23,01:03:49,23.6,48.1
2026-09-23,01:04:19,23.6,48.1
2026-09-23,01:04:49,23.6,48.1
2026-09-23,01:05:19,23.5,48.1
2026-09-23,01:05:49,23.5,48.2
2026-09-23,01:06:19,23.5,48.2
2026-09-23,01:06:49,23.5,48.1
2026-09-23,01:07:19,23.5,48.2
2026-09-23,01:07:49,23.6,48.1
2026-09-23,01:08:19,23.6,48.0
2026-09-23,01:08:49,23.6,48.0
2026-09-23,01:09:19,23.5,48.1
2026-09-23,01:09:49,23.5,48.1
2026-09-23,01:10:21,23.6,48.1
2026-09-23,01:10:49,23.6,48.0
2026-09-23,01:11:19,23.6,48.0
2026-09-23,01:11:49,23.7,47.9
2026-09-23,01:12:19,23.7,47.8
2026-09-23,01:12:51,23.7,47.8
2026-09-23,01:13:19,23.7,47.8
2026-09-23,01:13:49,23.7,47.8
2026-09-23,01:14:19,23.7,47.8
2026-09-23,01:14:49,23.7,47.9
2026-09-23,01:15:19,23.6,47.9
2026-09-23,01:15:49,23.7,47.9
2026-09-23,01:16:19,23.7,47.9
2026-09-23,01:16:49,23.7,47.9
2026-09-23,01:17:19,23.7,47.9
2026-09-23,01:17:49,23.7,47.8
2026-09-23,01:18:19,23.7,47.8
2026-09-23,01:18:49,23.7,47.7
2026-09-23,01:19:19,23.7,47.7
2026-09-23,01:19:49,23.7,47.7
2026-09-23,01:20:19,23.7,47.7
2026-09-23,01:20:49,23.7,47.8
2026-09-23,01:21:19,23.7,47.8
2026-09-23,01:21:49,23.7,47.8
2026-09-23,01:22:19,23.7,47.8
2026-09-23,01:22:49,23.7,47.8
2026-09-23,01:23:19,23.7,47.8
2026-09-23,01:23:49,23.7,47.8
2026-09-23,01:24:19,23.7,47.8
2026-09-23,01:24:49,23.7,47.8
2026-09-23,01:25:19,23.7,47.8
2026-09-23,01:25:49,23.7,47.7
2026-09-23,01:26:19,23.7,47.7
2026-09-23,01:26:49,23.7,47.7
2026-09-23,01:27:19,23.7,47.7
2026-09-23,01:27:51,23.7,47.8
2026-09-23,01:28:19,23.7,47.8
2026-09-23,01:28:49,23.7,47.8
2026-09-23,01:29:19,23.7,47.8
2026-09-23,01:29:49,23.7,47.8
2026-09-23,01:30:19,23.6,47.9
2026-09-23,01:30:49,23.6,47.9
2026-09-23,01:31:19,23.6,47.9
2026-09-23,01:31:49,23.6,47.9
2026-09-23,01:32:19,23.6,47.9
2026-09-23,01:32:49,23.6,47.9
2026-09-23,01:33:19,23.6,48.0
2026-09-23,01:33:49,23.6,48.0
2026-09-23,01:34:19,23.6,48.0
2026-09-23,01:34:49,23.6,48.0
2026-09-23,01:35:19,23.6,48.0
2026-09-23,01:35:49,23.6,48.0
2026-09-23,01:36:19,23.5,48.1
2026-09-23,01:36:49,23.5,48.1
2026-09-23,01:37:21,23.5,48.1
2026-09-23,01:37:49,23.5,48.1
2026-09-23,01:38:19,23.5,48.1
2026-09-23,01:38:49,23.5,48.1
2026-09-23,01:39:19,23.5,48.1
2026-09-23,01:39:49,23.5,48.1
2026-09-23,01:40:19,23.5,48.1
2026-09-23,01:40:51,23.5,48.1
2026-09-23,01:41:19,23.6,48.1
2026-09-23,01:41:49,23.5,48.1
2026-09-23,01:42:21,23.5,48.1
2026-09-23,01:42:49,23.6,48.1
2026-09-23,01:43:19,23.5,48.1
2026-09-23,01:43:49,23.5,48.2
2026-09-23,01:44:19,23.5,48.1
2026-09-23,01:44:49,23.6,48.1
2026-09-23,01:45:19,23.5,48.2
2026-09-23,01:45:49,23.5,48.1
2026-09-23,01:46:19,23.6,48.1
2026-09-23,01:46:49,23.6,48.1
2026-09-23,01:47:19,23.5,48.1
2026-09-23,01:47:49,23.6,48.1
2026-09-23,01:48:19,23.6,48.1
2026-09-23,01:48:49,23.6,48.1
2026-09-23,01:49:19,23.6,48.1
2026-09-23,01:49:49,23.6,48.1
2026-09-23,01:50:19,23.6,48.1
2026-09-23,01:50:49,23.6,48.1
2026-09-23,01:51:19,23.6,48.1
2026-09-23,01:51:49,23.6,48.1
2026-09-23,01:52:19,23.6,48.1
2026-09-23,01:52:49,23.5,48.1
2026-09-23,01:53:19,23.5,48.1
2026-09-23,01:53:51,23.5,48.1
2026-09-23,01:54:19,23.6,48.1
2026-09-23,01:54:49,23.6,48.1
2026-09-23,01:55:19,23.6,48.1
2026-09-23,01:55:49,23.6,48.1
2026-09-23,01:56:19,23.6,48.1
2026-09-23,01:56:49,23.6,48.1
2026-09-23,01:57:19,23.5,48.1
2026-09-23,01:57:49,23.6,48.1
2026-09-23,01:58:19,23.6,48.1
2026-09-23,01:58:49,23.6,48.1
2026-09-23,01:59:19,23.6,48.1
2026-09-23,01:59:49,23.6,48.1
2026-09-23,02:00:19,23.5,48.1
2026-09-23,02:00:49,23.5,48.2
2026-09-23,02:01:19,23.5,48.1
2026-09-23,02:01:49,23.5,48.2
2026-09-23,02:02:19,23.5,48.1
2026-09-23,02:02:49,23.6,48.1
2026-09-23,02:03:19,23.5,48.1
2026-09-23,02:03:49,23.5,48.1
2026-09-23,02:04:19,23.6,48.1
2026-09-23,02:04:49,23.6,48.0
2026-09-23,02:05:19,23.6,48.0
2026-09-23,02:05:49,23.6,47.9
2026-09-23,02:06:19,23.7,47.9
2026-09-23,02:06:49,23.7,47.9
2026-09-23,02:07:19,23.6,47.9
2026-09-23,02:07:49,23.7,47.9
2026-09-23,02:08:19,23.7,47.9
2026-09-23,02:08:49,23.6,47.9
2026-09-23,02:09:19,23.7,47.9
2026-09-23,02:09:51,23.7,47.9
2026-09-23,02:10:19,23.7,47.8
2026-09-23,02:10:49,23.7,47.8
2026-09-23,02:11:19,23.7,47.8
2026-09-23,02:11:49,23.7,47.9
2026-09-23,02:12:19,23.7,47.9
2026-09-23,02:12:49,23.7,47.9
2026-09-23,02:13:21,23.7,47.9
2026-09-23,02:13:49,23.7,47.9
2026-09-23,02:14:19,23.7,47.9
2026-09-23,02:14:49,23.6,47.9
2026-09-23,02:15:19,23.6,47.9
2026-09-23,02:15:49,23.6,47.9
2026-09-23,02:16:19,23.6,48.0
2026-09-23,02:16:49,23.6,48.0
2026-09-23,02:17:19,23.6,48.0
2026-09-23,02:17:49,23.6,48.0
2026-09-23,02:18:19,23.6,48.0
2026-09-23,02:18:49,23.6,48.0
2026-09-23,02:19:19,23.6,48.0
2026-09-23,02:19:49,23.6,48.0
2026-09-23,02:20:19,23.6,48.0
2026-09-23,02:20:49,23.6,48.1
2026-09-23,02:21:19,23.6,48.0
2026-09-23,02:21:49,23.6,48.1
2026-09-23,02:22:21,23.6,48.1
2026-09-23,02:22:49,23.6,48.0
2026-09-23,02:23:19,23.6,48.0
2026-09-23,02:23:49,23.6,48.1
2026-09-23,02:24:19,23.6,48.1
2026-09-23,02:24:49,23.6,48.1
2026-09-23,02:25:19,23.6,48.1
2026-09-23,02:25:49,23.6,48.1
2026-09-23,02:26:21,23.6,48.1
2026-09-23,02:26:49,23.6,48.1
2026-09-23,02:27:19,23.6,48.1
2026-09-23,02:27:49,23.6,48.1
2026-09-23,02:28:21,23.6,48.1
2026-09-23,02:28:49,23.6,48.1
2026-09-23,02:29:19,23.6,48.1
2026-09-23,02:29:49,23.5,48.1
2026-09-23,02:30:19,23.6,48.1
2026-09-23,02:30:49,23.6,48.1
2026-09-23,02:31:19,23.6,48.1
2026-09-23,02:31:49,23.6,48.0
2026-09-23,02:32:21,23.7,47.9
2026-09-23,02:32:49,23.7,47.9
2026-09-23,02:33:19,23.7,47.9
2026-09-23,02:33:49,23.7,47.8
2026-09-23,02:34:19,23.7,47.9
2026-09-23,02:34:49,23.6,47.9
2026-09-23,02:35:21,23.6,47.9
2026-09-23,02:35:49,23.6,47.9
2026-09-23,02:36:19,23.6,47.9
2026-09-23,02:36:51,23.6,48.0
2026-09-23,02:37:19,23.6,47.9
2026-09-23,02:37:49,23.7,47.9
2026-09-23,02:38:19,23.7,47.8
2026-09-23,02:38:49,23.7,47.8
2026-09-23,02:39:19,23.7,47.7
2026-09-23,02:39:49,23.7,47.7
2026-09-23,02:40:19,23.7,47.8
2026-09-23,02:40:49,23.7,47.8
2026-09-23,02:41:21,23.7,47.8
2026-09-23,02:41:49,23.7,47.8
2026-09-23,02:42:19,23.6,47.8
2026-09-23,02:42:49,23.6,47.9
2026-09-23,02:43:19,23.6,47.9
2026-09-23,02:43:49,23.6,47.9
2026-09-23,02:44:19,23.6,47.9
2026-09-23,02:44:49,23.7,47.9
2026-09-23,02:45:19,23.7,47.8
2026-09-23,02:45:49,23.7,47.8
2026-09-23,02:46:19,23.7,47.8
2026-09-23,02:46:49,23.7,47.8
2026-09-23,02:47:21,23.7,47.6
2026-09-23,02:47:49,23.7,47.6
2026-09-23,02:48:19,23.8,47.7
2026-09-23,02:48:49,23.8,47.6
2026-09-23,02:49:19,23.8,47.6
2026-09-23,02:49:49,23.8,47.7
2026-09-23,02:50:19,23.8,47.7
2026-09-23,02:50:51,23.8,47.7
2026-09-23,02:51:19,23.8,47.6
2026-09-23,02:51:51,23.7,47.7
2026-09-23,02:52:19,23.7,47.7
2026-09-23,02:52:49,23.7,47.7
2026-09-23,02:53:19,23.7,47.7
2026-09-23,02:53:49,23.7,47.7
2026-09-23,02:54:19,23.7,47.7
2026-09-23,02:54:49,23.7,47.8
2026-09-23,02:55:19,23.7,47.8
2026-09-23,02:55:49,23.7,47.8
2026-09-23,02:56:19,23.7,47.8
2026-09-23,02:56:49,23.7,47.8
2026-09-23,02:57:21,23.7,47.8
2026-09-23,02:57:51,23.7,47.8
2026-09-23,02:58:19,23.7,47.8
2026-09-23,02:58:49,23.7,47.8
2026-09-23,02:59:19,23.7,47.8
2026-09-23,02:59:51,23.7,47.9
2026-09-23,03:00:19,23.7,47.9
2026-09-23,03:00:49,23.7,47.9
2026-09-23,03:01:19,23.6,47.9
2026-09-23,03:01:49,23.7,47.9
2026-09-23,03:02:19,23.7,47.9
2026-09-23,03:02:49,23.6,47.9
2026-09-23,03:03:19,23.6,47.9
2026-09-23,03:03:49,23.6,47.9
2026-09-23,03:04:19,23.6,47.9
2026-09-23,03:04:49,23.6,48.0
2026-09-23,03:05:19,23.6,48.0
2026-09-23,03:05:49,23.6,47.9
2026-09-23,03:06:23,23.6,47.9
2026-09-23,03:06:49,23.6,47.9
2026-09-23,03:07:19,23.6,47.9
2026-09-23,03:07:49,23.6,47.9
2026-09-23,03:08:19,23.6,48.0
2026-09-23,03:08:49,23.6,47.9
2026-09-23,03:09:19,23.6,48.0
2026-09-23,03:09:49,23.6,48.0
2026-09-23,03:10:19,23.6,48.0
2026-09-23,03:10:49,23.6,48.0
2026-09-23,03:11:19,23.6,48.0
2026-09-23,03:11:51,23.6,48.0
2026-09-23,03:12:19,23.6,48.0
2026-09-23,03:12:49,23.6,48.0
2026-09-23,03:13:19,23.6,48.0
2026-09-23,03:13:49,23.6,48.0
2026-09-23,03:14:19,23.6,48.0
2026-09-23,03:14:49,23.6,48.0
2026-09-23,03:15:19,23.6,48.0
2026-09-23,03:15:49,23.7,48.0
2026-09-23,03:16:19,23.7,48.0
2026-09-23,03:16:49,23.7,48.0
2026-09-23,03:17:19,23.7,47.9
2026-09-23,03:17:49,23.8,47.9
2026-09-23,03:18:19,23.8,47.9
2026-09-23,03:18:49,23.8,47.8
2026-09-23,03:19:19,23.9,47.8
2026-09-23,03:19:49,23.9,47.7
2026-09-23,03:20:19,24.0,47.7
2026-09-23,03:20:51,24.1,47.6
2026-09-23,03:21:19,24.1,47.5
2026-09-23,03:21:49,24.1,47.5
2026-09-23,03:22:19,24.3,47.4
2026-09-23,03:22:49,24.4,47.3
2026-09-23,03:23:19,24.5,47.0
2026-09-23,03:23:49,24.6,46.9
2026-09-23,03:24:19,24.7,46.7
2026-09-23,03:24:49,24.8,46.5
2026-09-23,03:25:19,24.9,46.2
2026-09-23,03:25:49,25.1,46.4
2026-09-23,03:26:19,25.1,45.9
2026-09-23,03:26:49,25.2,46.0
2026-09-23,03:27:19,25.3,45.8
2026-09-23,03:27:49,25.4,45.9
2026-09-23,03:28:19,25.4,45.5
2026-09-23,03:28:49,25.4,45.2
2026-09-23,03:29:19,25.5,45.6
2026-09-23,03:29:49,25.6,45.4
2026-09-23,03:30:19,25.7,44.9
2026-09-23,03:30:49,25.9,44.5
2026-09-23,03:31:19,26.0,44.4
2026-09-23,03:31:49,26.2,44.2
2026-09-23,03:32:19,26.3,44.0
2026-09-23,03:32:49,26.3,43.9
2026-09-23,03:33:19,26.4,43.8
2026-09-23,03:33:49,26.4,43.7
2026-09-23,03:34:19,26.4,43.5
2026-09-23,03:34:49,26.4,43.3
2026-09-23,03:35:19,26.4,43.5
2026-09-23,03:35:49,26.4,43.5
2026-09-23,03:36:19,26.4,43.4
2026-09-23,03:36:49,26.4,43.4
2026-09-23,03:37:19,26.4,43.4
2026-09-23,03:37:49,26.4,43.4
2026-09-23,03:38:19,26.4,43.3
2026-09-23,03:38:49,26.3,43.3
2026-09-23,03:39:19,26.2,43.4
2026-09-23,03:39:49,26.1,43.5
2026-09-23,03:40:19,26.0,43.6
2026-09-23,03:40:49,25.9,43.7
2026-09-23,03:41:19,25.8,43.7
2026-09-23,03:41:49,25.7,43.8
2026-09-23,03:42:21,25.6,44.1
2026-09-23,03:42:49,25.6,44.1
2026-09-23,03:43:19,25.5,44.2
2026-09-23,03:43:49,25.5,44.1
2026-09-23,03:44:19,25.4,44.2
2026-09-23,03:44:49,25.4,44.2
2026-09-23,03:45:19,25.3,44.3
2026-09-23,03:45:49,25.3,44.3
2026-09-23,03:46:19,25.2,44.4
2026-09-23,03:46:49,25.1,44.5
2026-09-23,03:47:19,25.1,44.6
2026-09-23,03:47:51,24.9,44.8
2026-09-23,03:48:21,24.8,44.9
2026-09-23,03:48:49,24.8,44.9
2026-09-23,03:49:19,24.7,45.0
2026-09-23,03:49:49,24.7,45.2
2026-09-23,03:50:19,24.6,45.2
2026-09-23,03:50:49,24.5,45.4
2026-09-23,03:51:19,24.5,45.5
2026-09-23,03:51:49,24.4,45.6
2026-09-23,03:52:19,24.4,45.6
2026-09-23,03:52:49,24.3,45.8
2026-09-23,03:53:21,24.2,45.9
2026-09-23,03:53:49,24.2,45.9
2026-09-23,03:54:19,24.2,46.0
2026-09-23,03:54:49,24.2,46.0
2026-09-23,03:55:21,24.1,46.2
2026-09-23,03:55:49,24.1,46.2
2026-09-23,03:56:19,24.1,46.3
2026-09-23,03:56:49,24.0,46.3
2026-09-23,03:57:19,24.0,46.4
2026-09-23,03:57:49,24.0,46.5
2026-09-23,03:58:19,24.0,46.5
2026-09-23,03:58:49,23.9,46.5
2026-09-23,03:59:19,23.9,46.6
2026-09-23,03:59:51,23.9,46.7
2026-09-23,04:00:19,23.9,46.7
2026-09-23,04:00:49,23.9,46.8
2026-09-23,04:01:19,23.8,46.8
2026-09-23,04:01:49,23.8,46.8
2026-09-23,04:02:19,23.8,46.8
2026-09-23,04:02:49,23.8,46.9
2026-09-23,04:03:19,23.8,47.0
2026-09-23,04:03:49,23.8,47.0
2026-09-23,04:04:19,23.8,47.0
2026-09-23,04:04:49,23.8,47.0
2026-09-23,04:05:19,23.9,47.0
2026-09-23,04:05:49,23.9,47.0
2026-09-23,04:06:19,23.9,47.0
2026-09-23,04:06:49,23.9,47.0
2026-09-23,04:07:19,23.9,47.0
2026-09-23,04:07:49,24.0,46.9
2026-09-23,04:08:19,24.0,46.9
2026-09-23,04:08:49,24.1,46.9
2026-09-23,04:09:19,24.1,46.8
2026-09-23,04:09:49,24.1,46.8
2026-09-23,04:10:19,24.2,46.8
2026-09-23,04:10:49,24.3,46.7
2026-09-23,04:11:19,24.4,46.7
2026-09-23,04:11:49,24.5,46.6
2026-09-23,04:12:19,24.5,46.4
2026-09-23,04:12:49,24.7,46.3
2026-09-23,04:13:19,24.8,46.2
2026-09-23,04:13:49,24.9,46.1
2026-09-23,04:14:21,25.0,45.9
2026-09-23,04:14:49,25.0,45.8
2026-09-23,04:15:19,25.1,45.7
2026-09-23,04:15:49,25.2,45.7
2026-09-23,04:16:19,25.3,45.5
2026-09-23,04:16:51,25.5,45.1
2026-09-23,04:17:19,25.5,45.0
2026-09-23,04:17:49,25.6,44.9
2026-09-23,04:18:19,25.6,44.8
2026-09-23,04:18:49,25.7,44.8
2026-09-23,04:19:19,25.7,44.6
2026-09-23,04:19:49,25.7,44.7
2026-09-23,04:20:19,25.8,44.5
2026-09-23,04:20:49,25.9,44.4
2026-09-23,04:21:19,25.9,44.2
2026-09-23,04:21:49,25.9,44.3
2026-09-23,04:22:19,25.9,44.0
2026-09-23,04:22:49,25.8,43.9
2026-09-23,04:23:19,25.8,43.9
2026-09-23,04:23:49,25.8,44.2
2026-09-23,04:24:19,25.8,44.1
2026-09-23,04:24:49,25.8,44.0
2026-09-23,04:25:19,25.7,44.2
2026-09-23,04:25:49,25.6,44.3
2026-09-23,04:26:19,25.5,44.5
2026-09-23,04:26:49,25.6,44.5
2026-09-23,04:27:19,25.6,44.4
2026-09-23,04:27:49,25.7,44.4
2026-09-23,04:28:19,25.7,44.1
2026-09-23,04:28:49,25.8,44.1
2026-09-23,04:29:19,25.9,43.9
2026-09-23,04:29:49,26.0,43.9
2026-09-23,04:30:19,26.0,43.7
2026-09-23,04:30:49,26.0,43.5
2026-09-23,04:31:19,26.0,43.6
2026-09-23,04:31:49,26.1,43.6
2026-09-23,04:32:19,26.1,43.5
2026-09-23,04:32:49,26.2,43.5
2026-09-23,04:33:19,26.2,43.3
2026-09-23,04:33:49,26.3,43.2
2026-09-23,04:34:19,26.4,43.1
2026-09-23,04:34:49,26.5,43.1
2026-09-23,04:35:19,26.5,43.0
2026-09-23,04:35:49,26.5,42.9
2026-09-23,04:36:19,26.6,42.9
2026-09-23,04:36:49,26.7,42.8
2026-09-23,04:37:19,26.7,42.7
2026-09-23,04:37:49,26.6,42.7
2026-09-23,04:38:19,26.6,42.6
2026-09-23,04:38:49,26.6,42.6
2026-09-23,04:39:19,26.5,42.7
2026-09-23,04:39:49,26.4,42.8
2026-09-23,04:40:19,26.3,42.9
2026-09-23,04:40:49,26.3,43.0
2026-09-23,04:41:21,26.1,43.2
2026-09-23,04:41:49,26.1,43.2
2026-09-23,04:42:19,26.1,43.3
2026-09-23,04:42:51,26.0,43.4
2026-09-23,04:43:19,26.0,43.4
2026-09-23,04:43:49,25.9,43.4
2026-09-23,04:44:19,25.9,43.5
2026-09-23,04:44:49,25.8,43.6
2026-09-23,04:45:19,25.7,43.7
2026-09-23,04:45:49,25.7,43.7
2026-09-23,04:46:21,25.6,43.8
2026-09-23,04:46:49,25.6,43.8
2026-09-23,04:47:19,25.5,43.8
2026-09-23,04:47:49,25.5,43.9
2026-09-23,04:48:19,25.4,43.9
2026-09-23,04:48:49,25.3,44.0
2026-09-23,04:49:19,25.2,44.1
2026-09-23,04:49:49,25.2,44.2
2026-09-23,04:50:19,25.1,44.3
2026-09-23,04:50:49,25.0,44.3
2026-09-23,04:51:19,24.9,44.5
2026-09-23,04:51:49,24.8,44.6
2026-09-23,04:52:19,24.8,44.7
2026-09-23,04:52:51,24.6,44.9
2026-09-23,04:53:19,24.6,44.9
2026-09-23,04:53:49,24.6,45.0
2026-09-23,04:54:19,24.5,45.1
2026-09-23,04:54:51,24.4,45.2
2026-09-23,04:55:19,24.4,45.2
2026-09-23,04:55:49,24.3,45.4
2026-09-23,04:56:19,24.3,45.5
2026-09-23,04:56:49,24.3,45.5
2026-09-23,04:57:19,24.2,45.6
2026-09-23,04:57:49,24.2,45.7
2026-09-23,04:58:19,24.2,45.8
2026-09-23,04:58:49,24.1,45.8
2026-09-23,04:59:19,24.1,45.8
2026-09-23,04:59:49,24.1,46.0
2026-09-23,05:00:19,24.1,46.0
2026-09-23,05:00:49,24.0,46.0
2026-09-23,05:01:19,24.0,46.1
2026-09-23,05:01:49,24.0,46.1
2026-09-23,05:02:19,24.0,46.2
2026-09-23,05:02:49,24.0,46.3
2026-09-23,05:03:19,24.0,46.4
2026-09-23,05:03:51,24.0,46.4
2026-09-23,05:04:19,24.0,46.3
2026-09-23,05:04:49,24.0,46.3
2026-09-23,05:05:19,24.0,46.3
2026-09-23,05:05:49,24.0,46.5
2026-09-23,05:06:19,24.0,46.4
2026-09-23,05:06:49,23.9,46.5
2026-09-23,05:07:19,23.9,46.5
2026-09-23,05:07:49,23.8,46.6
2026-09-23,05:08:19,23.8,46.7
2026-09-23,05:08:49,23.9,46.7
2026-09-23,05:09:19,23.9,46.8
2026-09-23,05:09:49,23.8,46.7
2026-09-23,05:10:19,23.8,46.8
2026-09-23,05:10:49,23.8,46.7
2026-09-23,05:11:19,23.8,46.7
2026-09-23,05:11:49,23.8,46.8
2026-09-23,05:12:19,23.8,46.8
2026-09-23,05:12:49,23.8,46.7
2026-09-23,05:13:19,23.9,46.7
2026-09-23,05:13:49,23.8,46.7
2026-09-23,05:14:19,23.8,46.7
2026-09-23,05:14:49,23.8,46.7
2026-09-23,05:15:21,23.8,46.7
2026-09-23,05:15:49,23.8,46.7
2026-09-23,05:16:19,23.8,46.7
2026-09-23,05:16:49,23.8,46.8
2026-09-23,05:17:19,23.8,46.7
2026-09-23,05:17:49,23.8,46.8
2026-09-23,05:18:19,23.8,46.8
2026-09-23,05:18:49,23.8,46.8
2026-09-23,05:19:19,23.8,46.9
2026-09-23,05:19:49,23.7,46.9
2026-09-23,05:20:19,23.7,46.9
2026-09-23,05:20:49,23.7,46.9
2026-09-23,05:21:19,23.7,47.0
2026-09-23,05:21:49,23.8,47.0
2026-09-23,05:22:19,23.8,47.0
2026-09-23,05:22:49,23.8,47.0
2026-09-23,05:23:19,23.7,47.0
2026-09-23,05:23:49,23.7,47.0
2026-09-23,05:24:19,23.8,47.0
2026-09-23,05:24:49,23.8,47.0
2026-09-23,05:25:19,23.7,47.0
2026-09-23,05:25:49,23.7,47.1
2026-09-23,05:26:19,23.7,47.1
2026-09-23,05:26:49,23.7,47.1
2026-09-23,05:27:19,23.7,47.1
2026-09-23,05:27:49,23.7,47.1
2026-09-23,05:28:19,23.7,47.1
2026-09-23,05:28:49,23.7,47.1
2026-09-23,05:29:19,23.7,47.2
2026-09-23,05:29:49,23.7,47.2
2026-09-23,05:30:19,23.7,47.2
2026-09-23,05:30:49,23.7,47.2
2026-09-23,05:31:19,23.7,47.2
2026-09-23,05:31:49,23.7,47.3
2026-09-23,05:32:19,23.7,47.2
2026-09-23,05:32:49,23.7,47.2
2026-09-23,05:33:19,23.7,47.3
2026-09-23,05:33:51,23.7,47.3
2026-09-23,05:34:19,23.7,47.3
2026-09-23,05:34:49,23.7,47.3
2026-09-23,05:35:19,23.7,47.3
2026-09-23,05:35:51,23.7,47.2
2026-09-23,05:36:19,23.7,47.3
2026-09-23,05:36:49,23.7,47.3
2026-09-23,05:37:19,23.7,47.3
2026-09-23,05:37:49,23.7,47.3
2026-09-23,05:38:19,23.7,47.3
2026-09-23,05:38:49,23.7,47.3
2026-09-23,05:39:19,23.7,47.3
2026-09-23,05:39:49,23.7,47.3
2026-09-23,05:40:19,23.7,47.3
2026-09-23,05:40:49,23.7,47.3
2026-09-23,05:41:19,23.7,47.4
2026-09-23,05:41:49,23.7,47.4
2026-09-23,05:42:19,23.7,47.4
2026-09-23,05:42:49,23.7,47.5
2026-09-23,05:43:21,23.7,47.4
2026-09-23,05:43:49,23.7,47.4
2026-09-23,05:44:19,23.7,47.5
2026-09-23,05:44:49,23.7,47.4
2026-09-23,05:45:19,23.7,47.4
2026-09-23,05:45:49,23.6,47.5
2026-09-23,05:46:19,23.6,47.5
2026-09-23,05:46:51,23.6,47.4
2026-09-23,05:47:19,23.7,47.5
2026-09-23,05:47:49,23.7,47.4
2026-09-23,05:48:19,23.7,47.3
2026-09-23,05:48:49,23.8,47.3
2026-09-23,05:49:19,23.8,47.3
2026-09-23,05:49:49,23.8,47.3
2026-09-23,05:50:19,23.8,47.2
2026-09-23,05:50:49,23.8,47.2
2026-09-23,05:51:19,23.8,47.2
2026-09-23,05:51:49,23.8,47.2
2026-09-23,05:52:19,23.8,47.1
2026-09-23,05:52:49,23.8,47.2
2026-09-23,05:53:19,23.8,47.2
2026-09-23,05:53:49,23.8,47.2
2026-09-23,05:54:19,23.8,47.2
2026-09-23,05:54:49,23.8,47.2
2026-09-23,05:55:19,23.8,47.2
2026-09-23,05:55:49,23.8,47.2
2026-09-23,05:56:19,23.7,47.3
2026-09-23,05:56:49,23.8,47.2
2026-09-23,05:57:19,23.7,47.3
2026-09-23,05:57:49,23.8,47.3
2026-09-23,05:58:21,23.7,47.3
2026-09-23,05:58:49,23.7,47.3
2026-09-23,05:59:19,23.7,47.3
2026-09-23,05:59:49,23.7,47.3
2026-09-23,06:00:19,23.7,47.3
2026-09-23,06:00:49,23.7,47.3
2026-09-23,06:01:19,23.7,47.4
2026-09-23,06:01:49,23.7,47.4
2026-09-23,06:02:19,23.7,47.4
2026-09-23,06:02:49,23.7,47.4
2026-09-23,06:03:19,23.7,47.4
2026-09-23,06:03:49,23.7,47.5
2026-09-23,06:04:19,23.7,47.5
2026-09-23,06:04:49,23.7,47.5
2026-09-23,06:05:19,23.7,47.5
2026-09-23,06:05:49,23.7,47.5
2026-09-23,06:06:19,23.7,47.5
2026-09-23,06:06:49,23.7,47.5
2026-09-23,06:07:19,23.7,47.5
2026-09-23,06:07:49,23.7,47.5
2026-09-23,06:08:19,23.7,47.5
2026-09-23,06:08:49,23.7,47.5
2026-09-23,06:09:19,23.7,47.5
2026-09-23,06:09:49,23.7,47.6
2026-09-23,06:10:19,23.6,47.5
2026-09-23,06:10:49,23.7,47.5
2026-09-23,06:11:19,23.7,47.5
2026-09-23,06:11:49,23.6,47.5
2026-09-23,06:12:19,23.7,47.5
2026-09-23,06:12:49,23.6,47.6
2026-09-23,06:13:19,23.6,47.6
2026-09-23,06:13:49,23.6,47.6
2026-09-23,06:14:19,23.6,47.6
2026-09-23,06:14:49,23.7,47.6
2026-09-23,06:15:19,23.6,47.6
2026-09-23,06:15:49,23.6,47.6
2026-09-23,06:16:19,23.6,47.6
2026-09-23,06:16:49,23.7,47.6
2026-09-23,06:17:19,23.7,47.5
2026-09-23,06:17:49,23.7,47.5
2026-09-23,06:18:19,23.7,47.5
2026-09-23,06:18:49,23.7,47.5
2026-09-23,06:19:19,23.7,47.5
2026-09-23,06:19:49,23.6,47.5
2026-09-23,06:20:19,23.6,47.6
2026-09-23,06:20:49,23.6,47.6
2026-09-23,06:21:19,23.7,47.5
2026-09-23,06:21:49,23.7,47.5
2026-09-23,06:22:19,23.7,47.5
2026-09-23,06:22:49,23.7,47.4
2026-09-23,06:23:19,23.7,47.5
2026-09-23,06:23:49,23.7,47.5
2026-09-23,06:24:19,23.7,47.5
2026-09-23,06:24:49,23.7,47.5
2026-09-23,06:25:19,23.7,47.4
2026-09-23,06:25:49,23.8,47.4
2026-09-23,06:26:19,23.8,47.3
2026-09-23,06:26:49,23.8,47.3
2026-09-23,06:27:19,23.8,47.3
2026-09-23,06:27:49,23.8,47.3
2026-09-23,06:28:19,23.8,47.3
2026-09-23,06:28:49,23.8,47.3
2026-09-23,06:29:19,23.8,47.3
2026-09-23,06:29:49,23.8,47.4
2026-09-23,06:30:19,23.7,47.4
2026-09-23,06:30:49,23.7,47.4
2026-09-23,06:31:19,23.7,47.4
2026-09-23,06:31:51,23.7,47.4
2026-09-23,06:32:21,23.7,47.4
2026-09-23,06:32:49,23.7,47.4
2026-09-23,06:33:19,23.7,47.5
2026-09-23,06:33:49,23.7,47.5
2026-09-23,06:34:19,23.7,47.5
2026-09-23,06:34:49,23.7,47.5
2026-09-23,06:35:19,23.7,47.5
2026-09-23,06:35:49,23.7,47.5
2026-09-23,06:36:21,23.7,47.6
2026-09-23,06:36:49,23.7,47.5
2026-09-23,06:37:19,23.7,47.6
2026-09-23,06:37:49,23.7,47.6
2026-09-23,06:38:21,23.6,47.6
2026-09-23,06:38:49,23.7,47.6
2026-09-23,06:39:19,23.6,47.6
2026-09-23,06:39:49,23.6,47.7
2026-09-23,06:40:19,23.6,47.7
2026-09-23,06:40:51,23.6,47.7
2026-09-23,06:41:19,23.6,47.7
2026-09-23,06:41:49,23.6,47.7
2026-09-23,06:42:19,23.6,47.7
2026-09-23,06:42:49,23.6,47.6
2026-09-23,06:43:19,23.6,47.7
2026-09-23,06:43:49,23.7,47.7
2026-09-23,06:44:19,23.6,47.6
2026-09-23,06:44:49,23.7,47.6
2026-09-23,06:45:19,23.6,47.6
2026-09-23,06:45:49,23.6,47.7
2026-09-23,06:46:19,23.6,47.7
2026-09-23,06:46:49,23.6,47.7
2026-09-23,06:47:19,23.6,47.6
2026-09-23,06:47:49,23.7,47.7
2026-09-23,06:48:19,23.7,47.7
2026-09-23,06:48:49,23.6,47.7
2026-09-23,06:49:19,23.6,47.7
2026-09-23,06:49:49,23.6,47.7
2026-09-23,06:50:19,23.6,47.7
2026-09-23,06:50:49,23.6,47.7
2026-09-23,06:51:19,23.6,47.7
2026-09-23,06:51:49,23.6,47.7
2026-09-23,06:52:19,23.6,47.7
2026-09-23,06:52:49,23.6,47.7
2026-09-23,06:53:19,23.6,47.7
2026-09-23,06:53:49,23.6,47.7
2026-09-23,06:54:19,23.6,47.7
2026-09-23,06:54:49,23.6,47.7
2026-09-23,06:55:19,23.7,47.7
2026-09-23,06:55:49,23.7,47.7
2026-09-23,06:56:19,23.6,47.7
2026-09-23,06:56:49,23.7,47.7
2026-09-23,06:57:19,23.7,47.7
2026-09-23,06:57:49,23.7,47.7
2026-09-23,06:58:19,23.6,47.7
2026-09-23,06:58:49,23.6,47.7
2026-09-23,06:59:19,23.6,47.7
2026-09-23,06:59:51,23.6,47.7
2026-09-23,07:00:19,23.6,47.7
2026-09-23,07:00:49,23.6,47.7
2026-09-23,07:01:19,23.6,47.7
2026-09-23,07:01:49,23.6,47.7
2026-09-23,07:02:19,23.7,47.7
2026-09-23,07:02:49,23.7,47.6
2026-09-23,07:03:19,23.7,47.6
2026-09-23,07:03:49,23.8,47.5
2026-09-23,07:04:19,23.8,47.5
2026-09-23,07:04:49,23.8,47.4
2026-09-23,07:05:19,23.8,47.4
2026-09-23,07:05:49,23.8,47.4
2026-09-23,07:06:19,23.8,47.4
2026-09-23,07:06:49,23.8,47.4
2026-09-23,07:07:19,23.8,47.4
2026-09-23,07:07:49,23.8,47.4
2026-09-23,07:08:19,23.8,47.4
2026-09-23,07:08:49,23.8,47.5
2026-09-23,07:09:19,23.7,47.5
2026-09-23,07:09:49,23.7,47.5
2026-09-23,07:10:19,23.7,47.5
2026-09-23,07:10:49,23.7,47.6
2026-09-23,07:11:19,23.7,47.6
2026-09-23,07:11:49,23.7,47.6
2026-09-23,07:12:19,23.7,47.6
2026-09-23,07:12:49,23.7,47.6
2026-09-23,07:13:19,23.7,47.6
2026-09-23,07:13:49,23.7,47.7
2026-09-23,07:14:19,23.7,47.7
2026-09-23,07:14:49,23.6,47.7
2026-09-23,07:15:19,23.6,47.7
2026-09-23,07:15:49,23.6,47.7
2026-09-23,07:16:19,23.6,47.7
2026-09-23,07:16:49,23.6,47.7
2026-09-23,07:17:19,23.6,47.7
2026-09-23,07:17:49,23.6,47.7
2026-09-23,07:18:19,23.6,47.7
2026-09-23,07:18:49,23.6,47.7
2026-09-23,07:19:19,23.6,47.7
2026-09-23,07:19:49,23.6,47.8
2026-09-23,07:20:19,23.6,47.7
2026-09-23,07:20:49,23.6,47.7
2026-09-23,07:21:21,23.6,47.7
2026-09-23,07:21:49,23.6,47.7
2026-09-23,07:22:19,23.6,47.7
2026-09-23,07:22:49,23.6,47.7
2026-09-23,07:23:19,23.6,47.7
2026-09-23,07:23:51,23.6,47.7
2026-09-23,07:24:19,23.7,47.7
2026-09-23,07:24:49,23.6,47.8
2026-09-23,07:25:19,23.6,47.7
2026-09-23,07:25:49,23.6,47.7
2026-09-23,07:26:19,23.6,47.8
2026-09-23,07:26:49,23.6,47.7
2026-09-23,07:27:21,23.6,47.8
2026-09-23,07:27:49,23.6,47.7
2026-09-23,07:28:21,23.6,47.8
2026-09-23,07:28:49,23.6,47.7
2026-09-23,07:29:19,23.6,47.7
2026-09-23,07:29:49,23.6,47.7
2026-09-23,07:30:19,23.7,47.7
2026-09-23,07:30:49,23.7,47.7
2026-09-23,07:31:19,23.7,47.7
2026-09-23,07:31:49,23.7,47.6
2026-09-23,07:32:19,23.7,47.6
2026-09-23,07:32:49,23.7,47.6
2026-09-23,07:33:19,23.7,47.7
2026-09-23,07:33:49,23.6,47.7
2026-09-23,07:34:19,23.6,47.8
2026-09-23,07:34:49,23.6,47.7
2026-09-23,07:35:19,23.7,47.7
2026-09-23,07:35:49,23.7,47.6
2026-09-23,07:36:19,23.7,47.6
2026-09-23,07:36:49,23.8,47.5
2026-09-23,07:37:19,23.8,47.4
2026-09-23,07:37:49,23.8,47.4
2026-09-23,07:38:19,23.8,47.4
2026-09-23,07:38:49,23.7,47.5
2026-09-23,07:39:21,23.7,47.4
2026-09-23,07:39:49,23.8,47.4
2026-09-23,07:40:19,23.8,47.4
2026-09-23,07:40:49,23.8,47.4
2026-09-23,07:41:19,23.8,47.4
2026-09-23,07:41:49,23.8,47.4
2026-09-23,07:42:19,23.8,47.4
2026-09-23,07:42:49,23.9,47.3
2026-09-23,07:43:19,23.9,47.3
2026-09-23,07:43:49,23.9,47.3
2026-09-23,07:44:19,23.9,47.2
2026-09-23,07:44:49,23.8,47.3
2026-09-23,07:45:19,23.8,47.3
2026-09-23,07:45:49,23.8,47.4
2026-09-23,07:46:19,23.8,47.4
2026-09-23,07:46:49,23.8,47.4
2026-09-23,07:47:19,23.8,47.4
2026-09-23,07:47:49,23.8,47.4
2026-09-23,07:48:19,23.8,47.3
2026-09-23,07:48:49,23.8,47.4
2026-09-23,07:49:19,23.8,47.4
2026-09-23,07:49:49,23.8,47.3
2026-09-23,07:50:19,23.8,47.3
2026-09-23,07:50:51,23.8,47.3
2026-09-23,07:51:19,23.8,47.3
2026-09-23,07:51:49,23.8,47.3
2026-09-23,07:52:19,23.8,47.3
2026-09-23,07:52:49,23.8,47.4
2026-09-23,07:53:19,23.8,47.4
2026-09-23,07:53:49,23.7,47.4
2026-09-23,07:54:19,23.7,47.4
2026-09-23,07:54:49,23.7,47.4
2026-09-23,07:55:21,23.7,47.5
2026-09-23,07:55:49,23.7,47.5
2026-09-23,07:56:19,23.7,47.5
2026-09-23,07:56:49,23.7,47.5
2026-09-23,07:57:19,23.7,47.5
2026-09-23,07:57:49,23.7,47.6
2026-09-23,07:58:19,23.7,47.6
2026-09-23,07:58:49,23.7,47.6
2026-09-23,07:59:19,23.7,47.6
2026-09-23,07:59:49,23.6,47.6
2026-09-23,08:00:19,23.6,47.6
2026-09-23,08:00:49,23.6,47.6
2026-09-23,08:01:21,23.6,47.7
2026-09-23,08:01:49,23.6,47.6
2026-09-23,08:02:19,23.6,47.7
2026-09-23,08:02:49,23.6,47.7
2026-09-23,08:03:19,23.6,47.7
2026-09-23,08:03:49,23.6,47.7
2026-09-23,08:04:19,23.6,47.7
2026-09-23,08:04:49,23.6,47.7
2026-09-23,08:05:19,23.6,47.7
2026-09-23,08:05:49,23.6,47.7
2026-09-23,08:06:19,23.6,47.7
2026-09-23,08:06:49,23.6,47.7
2026-09-23,08:07:19,23.6,47.7
2026-09-23,08:07:49,23.6,47.7
2026-09-23,08:08:19,23.6,47.7
2026-09-23,08:08:49,23.6,47.7
2026-09-23,08:09:19,23.6,47.7
2026-09-23,08:09:49,23.6,47.7
2026-09-23,08:10:19,23.6,47.7
2026-09-23,08:10:49,23.6,47.7
2026-09-23,08:11:19,23.6,47.7
2026-09-23,08:11:49,23.6,47.7
2026-09-23,08:12:19,23.6,47.7
2026-09-23,08:12:49,23.6,47.7
2026-09-23,08:13:19,23.6,47.7
2026-09-23,08:13:51,23.6,47.7
2026-09-23,08:14:19,23.6,47.7
2026-09-23,08:14:49,23.6,47.7
2026-09-23,08:15:19,23.6,47.7
2026-09-23,08:15:49,23.6,47.7
2026-09-23,08:16:19,23.6,47.7
2026-09-23,08:16:49,23.6,47.7
2026-09-23,08:17:19,23.6,47.7
2026-09-23,08:17:51,23.6,47.7
2026-09-23,08:18:19,23.6,47.7
2026-09-23,08:18:49,23.7,47.7
2026-09-23,08:19:19,23.7,47.7
2026-09-23,08:19:49,23.7,47.7
2026-09-23,08:20:19,23.7,47.7
2026-09-23,08:20:51,23.6,47.7
2026-09-23,08:21:19,23.7,47.7
2026-09-23,08:21:49,23.6,47.7
2026-09-23,08:22:19,23.6,47.7
2026-09-23,08:22:49,23.6,47.7
2026-09-23,08:23:19,23.6,47.7
2026-09-23,08:23:49,23.6,47.7
2026-09-23,08:24:19,23.6,47.7
2026-09-23,08:24:49,23.6,47.7
2026-09-23,08:25:19,23.6,47.7
2026-09-23,08:25:49,23.6,47.7
2026-09-23,08:26:19,23.6,47.8
2026-09-23,08:26:49,23.6,47.7
2026-09-23,08:27:19,23.6,47.7
2026-09-23,08:27:49,23.6,47.8
2026-09-23,08:28:19,23.6,47.8
2026-09-23,08:28:49,23.6,47.8
2026-09-23,08:29:19,23.6,47.8
2026-09-23,08:29:49,23.6,47.8
2026-09-23,08:30:19,23.6,47.7
2026-09-23,08:30:49,23.6,47.7
2026-09-23,08:31:19,23.6,47.7
2026-09-23,08:31:49,23.6,47.8
2026-09-23,08:32:19,23.6,47.7
2026-09-23,08:32:51,23.7,47.6
2026-09-23,08:33:19,23.7,47.6
2026-09-23,08:33:49,23.7,47.5
2026-09-23,08:34:19,23.8,47.5
2026-09-23,08:34:49,23.8,47.4
2026-09-23,08:35:19,23.7,47.4
2026-09-23,08:35:49,23.7,47.5
2026-09-23,08:36:19,23.7,47.6
2026-09-23,08:36:49,23.7,47.5
2026-09-23,08:37:21,23.7,47.5
2026-09-23,08:37:49,23.7,47.5
2026-09-23,08:38:19,23.7,47.5
2026-09-23,08:38:49,23.7,47.5
2026-09-23,08:39:19,23.7,47.5
2026-09-23,08:39:49,23.8,47.5
2026-09-23,08:40:19,23.8,47.4
2026-09-23,08:40:49,23.8,47.4
2026-09-23,08:41:19,23.8,47.4
2026-09-23,08:41:49,23.7,47.4
2026-09-23,08:42:19,23.7,47.4
2026-09-23,08:42:49,23.7,47.4
2026-09-23,08:43:21,23.7,47.4
2026-09-23,08:43:49,23.8,47.4
2026-09-23,08:44:19,23.7,47.4
2026-09-23,08:44:49,23.7,47.4
2026-09-23,08:45:19,23.7,47.4
2026-09-23,08:45:49,23.7,47.5
2026-09-23,08:46:19,23.7,47.5
2026-09-23,08:46:49,23.7,47.5
2026-09-23,08:47:19,23.7,47.5
2026-09-23,08:47:49,23.7,47.5
2026-09-23,08:48:19,23.7,47.6
2026-09-23,08:48:49,23.6,47.7
2026-09-23,08:49:19,23.6,47.7
2026-09-23,08:49:49,23.6,47.7
2026-09-23,08:50:19,23.6,47.6
2026-09-23,08:50:49,23.7,47.5
2026-09-23,08:51:19,23.7,47.6
2026-09-23,08:51:51,23.6,47.5
2026-09-23,08:52:19,23.7,47.5
2026-09-23,08:52:49,23.7,47.5
2026-09-23,08:53:19,23.7,47.6
2026-09-23,08:53:49,23.7,47.5
2026-09-23,08:54:19,23.7,47.5
2026-09-23,08:54:49,23.7,47.5
2026-09-23,08:55:19,23.7,47.5
2026-09-23,08:55:49,23.7,47.4
2026-09-23,08:56:19,23.7,47.5
2026-09-23,08:56:49,23.7,47.4
2026-09-23,08:57:19,23.7,47.5
2026-09-23,08:57:49,23.7,47.5
2026-09-23,08:58:19,23.7,47.5
2026-09-23,08:58:49,23.7,47.5
2026-09-23,08:59:19,23.7,47.5
2026-09-23,08:59:49,23.7,47.5
2026-09-23,09:00:19,23.7,47.5
2026-09-23,09:00:49,23.7,47.6
2026-09-23,09:01:19,23.7,47.6
2026-09-23,09:01:51,23.7,47.6
2026-09-23,09:02:19,23.7,47.5
2026-09-23,09:02:49,23.6,47.6
2026-09-23,09:03:19,23.6,47.6
2026-09-23,09:03:49,23.7,47.6
2026-09-23,09:04:19,23.6,47.6
2026-09-23,09:04:49,23.6,47.6
2026-09-23,09:05:19,23.6,47.6
2026-09-23,09:05:51,23.6,47.6
2026-09-23,09:06:19,23.7,47.6
2026-09-23,09:06:49,23.7,47.6
2026-09-23,09:07:19,23.6,47.6
2026-09-23,09:07:49,23.6,47.6
2026-09-23,09:08:19,23.6,47.7
2026-09-23,09:08:49,23.6,47.7
2026-09-23,09:09:19,23.6,47.7
2026-09-23,09:09:49,23.6,47.7
2026-09-23,09:10:19,23.6,47.7
2026-09-23,09:10:49,23.6,47.7
2026-09-23,09:11:21,23.6,47.8
2026-09-23,09:11:49,23.6,47.8
2026-09-23,09:12:19,23.6,47.8
2026-09-23,09:12:49,23.6,47.8
2026-09-23,09:13:19,23.6,47.8
2026-09-23,09:13:49,23.6,47.8
2026-09-23,09:14:19,23.6,47.8
2026-09-23,09:14:49,23.6,47.8
2026-09-23,09:15:19,23.6,47.8
2026-09-23,09:15:49,23.6,47.8
2026-09-23,09:16:19,23.6,47.8
2026-09-23,09:16:49,23.6,47.8
2026-09-23,09:17:19,23.6,47.7
2026-09-23,09:17:49,23.6,47.7
2026-09-23,09:18:19,23.6,47.7
2026-09-23,09:18:49,23.6,47.7
2026-09-23,09:19:19,23.6,47.7
2026-09-23,09:19:49,23.6,47.8
2026-09-23,09:20:19,23.6,47.7
2026-09-23,09:20:49,23.6,47.8
2026-09-23,09:21:19,23.6,47.8
2026-09-23,09:21:49,23.6,47.7
2026-09-23,09:22:19,23.6,47.7
2026-09-23,09:22:49,23.6,47.7
2026-09-23,09:23:19,23.6,47.7
2026-09-23,09:23:49,23.6,47.8
2026-09-23,09:24:19,23.6,47.8
2026-09-23,09:24:49,23.6,47.8
2026-09-23,09:25:19,23.6,47.8
2026-09-23,09:25:49,23.6,47.8
2026-09-23,09:26:19,23.6,47.8
2026-09-23,09:26:49,23.6,47.8
2026-09-23,09:27:19,23.6,47.8
2026-09-23,09:27:49,23.6,47.8
2026-09-23,09:28:19,23.6,47.8
2026-09-23,09:28:49,23.6,47.8
2026-09-23,09:29:19,23.6,47.8
2026-09-23,09:29:49,23.6,47.8
2026-09-23,09:30:19,23.6,47.8
2026-09-23,09:30:49,23.6,47.8
2026-09-23,09:31:19,23.6,47.7
2026-09-23,09:31:49,23.6,47.7
2026-09-23,09:32:19,23.6,47.8
2026-09-23,09:32:49,23.6,47.7
2026-09-23,09:33:19,23.6,47.7
2026-09-23,09:33:49,23.6,47.7
2026-09-23,09:34:19,23.6,47.8
2026-09-23,09:34:49,23.6,47.7
2026-09-23,09:35:19,23.6,47.7
2026-09-23,09:35:49,23.6,47.8
2026-09-23,09:36:19,23.6,47.7
2026-09-23,09:36:49,23.6,47.7
2026-09-23,09:37:19,23.6,47.8
2026-09-23,09:37:49,23.6,47.7
2026-09-23,09:38:19,23.6,47.7
2026-09-23,09:38:49,23.6,47.7
2026-09-23,09:39:19,23.6,47.8
2026-09-23,09:39:49,23.6,47.7
2026-09-23,09:40:19,23.6,47.7
2026-09-23,09:40:49,23.6,47.7
2026-09-23,09:41:19,23.6,47.7
2026-09-23,09:41:49,23.6,47.7
2026-09-23,09:42:19,23.6,47.7
2026-09-23,09:42:49,23.6,47.7
2026-09-23,09:43:19,23.7,47.7
2026-09-23,09:43:49,23.7,47.7
2026-09-23,09:44:19,23.7,47.7
2026-09-23,09:44:49,23.6,47.7
2026-09-23,09:45:19,23.6,47.7
2026-09-23,09:45:51,23.7,47.7
2026-09-23,09:46:19,23.7,47.7
2026-09-23,09:46:49,23.6,47.7
2026-09-23,09:47:21,23.6,47.7
2026-09-23,09:47:49,23.7,47.7
2026-09-23,09:48:19,23.7,47.7
2026-09-23,09:48:49,23.6,47.7
2026-09-23,09:49:19,23.6,47.7
2026-09-23,09:49:49,23.6,47.7
2026-09-23,09:50:19,23.6,47.8
2026-09-23,09:50:51,23.6,47.7
2026-09-23,09:51:19,23.7,47.7
2026-09-23,09:51:49,23.6,47.7
2026-09-23,09:52:19,23.7,47.7
2026-09-23,09:52:49,23.6,47.7
2026-09-23,09:53:19,23.6,47.7
2026-09-23,09:53:49,23.6,47.7
2026-09-23,09:54:19,23.6,47.7
2026-09-23,09:54:49,23.6,47.7
2026-09-23,09:55:19,23.7,47.8
2026-09-23,09:55:49,23.6,47.7
2026-09-23,09:56:19,23.6,47.7
2026-09-23,09:56:49,23.7,47.7
2026-09-23,09:57:19,23.7,47.7
2026-09-23,09:57:49,23.6,47.7
2026-09-23,09:58:19,23.6,47.7
2026-09-23,09:58:49,23.6,47.8
2026-09-23,09:59:19,23.6,47.7
2026-09-23,09:59:49,23.6,47.8
2026-09-23,10:00:19,23.6,47.8
2026-09-23,10:00:49,23.6,47.8
2026-09-23,10:01:19,23.6,47.8
2026-09-23,10:01:49,23.6,47.8
2026-09-23,10:02:21,23.6,47.7
2026-09-23,10:02:49,23.6,47.8
2026-09-23,10:03:19,23.7,47.7
2026-09-23,10:03:51,23.6,47.7
2026-09-23,10:04:19,23.7,47.7
2026-09-23,10:04:49,23.7,47.7
2026-09-23,10:05:19,23.7,47.7
2026-09-23,10:05:49,23.7,47.7
2026-09-23,10:06:19,23.6,47.8
2026-09-23,10:06:49,23.6,47.8
2026-09-23,10:07:19,23.7,47.7
2026-09-23,10:07:49,23.6,47.7
2026-09-23,10:08:19,23.6,47.8
2026-09-23,10:08:49,23.6,47.7
2026-09-23,10:09:19,23.7,47.7
2026-09-23,10:09:49,23.7,47.7
2026-09-23,10:10:19,23.7,47.7
2026-09-23,10:10:49,23.6,47.7
2026-09-23,10:11:19,23.6,47.7
2026-09-23,10:11:49,23.6,47.7
2026-09-23,10:12:19,23.6,47.8
2026-09-23,10:12:49,23.7,47.8
2026-09-23,10:13:19,23.6,47.7
2026-09-23,10:13:49,23.6,47.7
2026-09-23,10:14:19,23.6,47.7
2026-09-23,10:14:51,23.7,47.7
2026-09-23,10:15:19,23.7,47.7
2026-09-23,10:15:49,23.7,47.7
2026-09-23,10:16:19,23.7,47.7
2026-09-23,10:16:51,23.7,47.7
2026-09-23,10:17:19,23.7,47.7
2026-09-23,10:17:49,23.7,47.7
2026-09-23,10:18:19,23.6,47.7
2026-09-23,10:18:49,23.6,47.7
2026-09-23,10:19:19,23.7,47.7
2026-09-23,10:19:49,23.7,47.7
2026-09-23,10:20:19,23.7,47.7
2026-09-23,10:20:49,23.7,47.7
2026-09-23,10:21:19,23.7,47.7
2026-09-23,10:21:49,23.7,47.7
2026-09-23,10:22:19,23.7,47.7
2026-09-23,10:22:51,23.7,47.7
2026-09-23,10:23:21,23.7,47.7
2026-09-23,10:23:49,23.7,47.7
2026-09-23,10:24:19,23.7,47.7
2026-09-23,10:24:49,23.7,47.7
2026-09-23,10:25:19,23.7,47.7
2026-09-23,10:25:49,23.7,47.8
2026-09-23,10:26:19,23.7,47.7
2026-09-23,10:26:49,23.6,47.7
2026-09-23,10:27:19,23.6,47.7
2026-09-23,10:27:49,23.7,47.7
2026-09-23,10:28:19,23.7,47.7
2026-09-23,10:28:49,23.7,47.7
2026-09-23,10:29:19,23.7,47.7
2026-09-23,10:29:51,23.7,47.7
2026-09-23,10:30:19,23.7,47.7
2026-09-23,10:30:49,23.7,47.7
2026-09-23,10:31:19,23.7,47.7
2026-09-23,10:31:51,23.7,47.7
2026-09-23,10:32:19,23.7,47.7
2026-09-23,10:32:49,23.7,47.7
2026-09-23,10:33:19,23.7,47.7
2026-09-23,10:33:49,23.7,47.7
2026-09-23,10:34:19,23.7,47.7
2026-09-23,10:34:51,23.7,47.6
2026-09-23,10:35:19,23.7,47.6
2026-09-23,10:35:49,23.7,47.7
2026-09-23,10:36:19,23.6,47.7
2026-09-23,10:36:49,23.7,47.7
2026-09-23,10:37:19,23.7,47.7
2026-09-23,10:37:49,23.7,47.6
2026-09-23,10:38:19,23.7,47.6
2026-09-23,10:38:49,23.6,47.6
2026-09-23,10:39:19,23.6,47.7
2026-09-23,10:39:49,23.7,47.6
2026-09-23,10:40:19,23.7,47.5
2026-09-23,10:40:49,23.8,47.4
2026-09-23,10:41:19,23.8,47.5
2026-09-23,10:41:49,23.8,47.5
2026-09-23,10:42:19,23.8,47.4
2026-09-23,10:42:49,23.8,47.4
2026-09-23,10:43:19,23.8,47.4
2026-09-23,10:43:49,23.8,47.4
2026-09-23,10:44:19,23.8,47.4
2026-09-23,10:44:49,23.8,47.4
2026-09-23,10:45:19,23.8,47.3
2026-09-23,10:45:49,23.9,47.3
2026-09-23,10:46:19,23.9,47.3
2026-09-23,10:46:49,23.9,47.2
2026-09-23,10:47:19,23.9,47.2
2026-09-23,10:47:49,23.9,47.2
2026-09-23,10:48:19,23.9,47.2
2026-09-23,10:48:49,23.9,47.3
2026-09-23,10:49:19,23.9,47.3
2026-09-23,10:49:49,23.8,47.3
2026-09-23,10:50:19,23.8,47.3
2026-09-23,10:50:49,23.8,47.3
2026-09-23,10:51:19,23.8,47.4
2026-09-23,10:51:49,23.8,47.4
2026-09-23,10:52:19,23.8,47.5
2026-09-23,10:52:49,23.8,47.4
2026-09-23,10:53:19,23.7,47.5
2026-09-23,10:53:49,23.7,47.5
2026-09-23,10:54:19,23.7,47.5
2026-09-23,10:54:49,23.7,47.5
2026-09-23,10:55:19,23.7,47.5
2026-09-23,10:55:49,23.7,47.6
2026-09-23,10:56:19,23.7,47.6
2026-09-23,10:56:49,23.7,47.6
2026-09-23,10:57:19,23.7,47.6
2026-09-23,10:57:49,23.7,47.6
2026-09-23,10:58:19,23.7,47.6
2026-09-23,10:58:49,23.7,47.6
2026-09-23,10:59:19,23.7,47.6
2026-09-23,10:59:49,23.7,47.6
2026-09-23,11:00:19,23.7,47.6
2026-09-23,11:00:51,23.7,47.6
2026-09-23,11:01:19,23.7,47.6
2026-09-23,11:01:51,23.7,47.6
2026-09-23,11:02:19,23.7,47.6
2026-09-23,11:02:49,23.7,47.6
2026-09-23,11:03:19,23.7,47.6
2026-09-23,11:03:51,23.7,47.6
2026-09-23,11:04:19,23.7,47.6
2026-09-23,11:04:49,23.7,47.6
2026-09-23,11:05:19,23.7,47.6
2026-09-23,11:05:49,23.7,47.6
2026-09-23,11:06:19,23.7,47.6
2026-09-23,11:06:51,23.7,47.6
2026-09-23,11:07:21,23.7,47.6
2026-09-23,11:07:49,23.7,47.6
2026-09-23,11:08:19,23.7,47.6
2026-09-23,11:08:49,23.7,47.6
2026-09-23,11:09:19,23.7,47.6
2026-09-23,11:09:49,23.7,47.5
2026-09-23,11:10:19,23.7,47.5
2026-09-23,11:10:49,23.6,47.6
2026-09-23,11:11:19,23.6,47.6
2026-09-23,11:11:49,23.6,47.5
2026-09-23,11:12:19,23.6,47.6
2026-09-23,11:12:49,23.6,47.6
2026-09-23,11:13:19,23.6,47.6
2026-09-23,11:13:49,23.6,47.6
2026-09-23,11:14:19,23.6,47.6
2026-09-23,11:14:49,23.6,47.6
2026-09-23,11:15:19,23.6,47.5
2026-09-23,11:15:49,23.7,47.5
2026-09-23,11:16:19,23.7,47.4
2026-09-23,11:16:49,23.7,47.4
2026-09-23,11:17:19,23.7,47.3
2026-09-23,11:17:49,23.7,47.3
2026-09-23,11:18:19,23.7,47.3
2026-09-23,11:18:49,23.7,47.2
2026-09-23,11:19:19,23.7,47.2
2026-09-23,11:19:49,23.7,47.2
2026-09-23,11:20:19,23.8,47.2
2026-09-23,11:20:49,23.8,47.2
2026-09-23,11:21:19,23.8,47.2
2026-09-23,11:21:49,23.8,47.1
2026-09-23,11:22:19,23.8,47.0
2026-09-23,11:22:49,23.9,47.0
2026-09-23,11:23:19,23.9,47.0
2026-09-23,11:23:49,23.9,47.0
2026-09-23,11:24:19,23.8,47.0
2026-09-23,11:24:49,23.8,47.0
2026-09-23,11:25:19,23.8,47.0
2026-09-23,11:25:49,23.8,47.0
2026-09-23,11:26:19,23.8,46.9
2026-09-23,11:26:49,23.8,47.0
2026-09-23,11:27:19,23.8,47.0
2026-09-23,11:27:49,23.8,47.0
2026-09-23,11:28:19,23.8,47.1
2026-09-23,11:28:49,23.7,47.1
2026-09-23,11:29:19,23.7,47.1
2026-09-23,11:29:49,23.7,47.2
2026-09-23,11:30:19,23.7,47.2
2026-09-23,11:30:49,23.7,47.2
2026-09-23,11:31:19,23.7,47.2
2026-09-23,11:31:49,23.7,47.2
2026-09-23,11:32:19,23.7,47.2
2026-09-23,11:32:49,23.7,47.1
2026-09-23,11:33:19,23.8,47.1
2026-09-23,11:33:49,23.7,47.1
2026-09-23,11:34:19,23.7,47.1
2026-09-23,11:34:49,23.7,47.2
2026-09-23,11:35:19,23.6,47.2
2026-09-23,11:35:49,23.7,47.2
2026-09-23,11:36:19,23.7,47.2
2026-09-23,11:36:49,23.6,47.2
2026-09-23,11:37:19,23.6,47.2
2026-09-23,11:37:49,23.7,47.3
2026-09-23,11:38:19,23.7,47.2
2026-09-23,11:38:49,23.7,47.2
2026-09-23,11:39:19,23.7,47.2
2026-09-23,11:39:49,23.7,47.2
2026-09-23,11:40:19,23.7,47.2
2026-09-23,11:40:49,23.7,47.2
2026-09-23,11:41:19,23.7,47.1
2026-09-23,11:41:49,23.7,47.1
2026-09-23,11:42:21,23.7,47.1
2026-09-23,11:42:51,23.7,47.1
2026-09-23,11:43:19,23.7,47.1
2026-09-23,11:43:49,23.8,47.2
2026-09-23,11:44:19,23.7,47.1
2026-09-23,11:44:51,23.7,47.2
2026-09-23,11:45:19,23.7,47.1
2026-09-23,11:45:49,23.7,47.2
2026-09-23,11:46:19,23.7,47.2
2026-09-23,11:46:49,23.7,47.2
2026-09-23,11:47:19,23.7,47.2
2026-09-23,11:47:49,23.7,47.3
2026-09-23,11:48:19,23.7,47.3
2026-09-23,11:48:49,23.7,47.3
2026-09-23,11:49:19,23.7,47.4
2026-09-23,11:49:49,23.7,47.4
2026-09-23,11:50:19,23.7,47.4
2026-09-23,11:50:49,23.7,47.4
2026-09-23,11:51:19,23.7,47.4
2026-09-23,11:51:49,23.7,47.3
2026-09-23,11:52:19,23.7,47.4
2026-09-23,11:52:49,23.8,47.3
2026-09-23,11:53:19,23.8,47.3
2026-09-23,11:53:51,23.9,47.2
2026-09-23,11:54:19,23.9,47.2
2026-09-23,11:54:49,23.9,47.2
2026-09-23,11:55:19,24.0,47.1
2026-09-23,11:55:49,24.0,47.0
2026-09-23,11:56:19,24.1,47.0
2026-09-23,11:56:49,24.1,46.9
2026-09-23,11:57:19,24.1,46.8
2026-09-23,11:57:51,24.2,46.9
2026-09-23,11:58:21,24.3,46.6
2026-09-23,11:58:49,24.4,46.6
2026-09-23,11:59:21,24.5,46.5
2026-09-23,11:59:49,24.6,46.4
2026-09-23,12:00:19,24.6,46.2
2026-09-23,12:00:51,24.8,45.9
2026-09-23,12:01:21,24.9,45.9
2026-09-23,12:01:49,24.9,45.9
2026-09-23,12:02:19,25.0,45.7
2026-09-23,12:02:49,25.1,45.6
2026-09-23,12:03:19,25.2,45.4
2026-09-23,12:03:49,25.2,45.2
2026-09-23,12:04:19,25.3,45.2
2026-09-23,12:04:49,25.4,45.1
2026-09-23,12:05:19,25.4,44.9
2026-09-23,12:05:49,25.5,44.8
2026-09-23,12:06:19,25.5,44.8
2026-09-23,12:06:49,25.5,44.8
2026-09-23,12:07:19,25.5,44.7
2026-09-23,12:07:49,25.5,44.6
2026-09-23,12:08:19,25.5,44.6
2026-09-23,12:08:49,25.4,44.6
2026-09-23,12:09:19,25.4,44.7
2026-09-23,12:09:49,25.4,44.6
2026-09-23,12:10:19,25.4,44.6
2026-09-23,12:10:49,25.3,44.6
2026-09-23,12:11:19,25.3,44.7
2026-09-23,12:11:49,25.3,44.7
2026-09-23,12:12:19,25.3,44.6
2026-09-23,12:12:49,25.2,44.6
2026-09-23,12:13:19,25.2,44.6
2026-09-23,12:13:49,25.2,44.6
2026-09-23,12:14:19,25.1,44.7
2026-09-23,12:14:49,25.0,44.7
2026-09-23,12:15:19,25.0,44.7
2026-09-23,12:15:51,24.8,44.9
2026-09-23,12:16:19,24.9,44.9
2026-09-23,12:16:49,24.8,45.0
2026-09-23,12:17:19,24.7,45.1
2026-09-23,12:17:49,24.7,45.1
2026-09-23,12:18:19,24.6,45.2
2026-09-23,12:18:49,24.5,45.3
2026-09-23,12:19:19,24.5,45.4
2026-09-23,12:19:49,24.4,45.5
2026-09-23,12:20:19,24.4,45.6
2026-09-23,12:20:49,24.3,45.6
2026-09-23,12:21:19,24.3,45.7
2026-09-23,12:21:49,24.2,45.7
2026-09-23,12:22:19,24.2,45.8
2026-09-23,12:22:49,24.2,45.9
2026-09-23,12:23:19,24.1,46.0
2026-09-23,12:23:49,24.1,46.0
2026-09-23,12:24:19,24.1,46.1
2026-09-23,12:24:49,24.0,46.1
2026-09-23,12:25:19,24.0,46.1
2026-09-23,12:25:49,24.0,46.2
2026-09-23,12:26:19,24.0,46.3
2026-09-23,12:26:49,24.0,46.3
2026-09-23,12:27:21,23.9,46.3
2026-09-23,12:27:49,23.9,46.3
2026-09-23,12:28:19,23.9,46.4
2026-09-23,12:28:49,23.9,46.4
2026-09-23,12:29:19,23.9,46.7
2026-09-23,12:29:49,23.9,46.5
2026-09-23,12:30:19,23.8,46.7
2026-09-23,12:30:51,23.8,46.7
2026-09-23,12:31:19,23.8,46.7
2026-09-23,12:31:49,23.8,46.7
2026-09-23,12:32:19,23.7,46.7
2026-09-23,12:32:49,23.7,46.8
2026-09-23,12:33:19,23.7,46.9
2026-09-23,12:33:49,23.6,47.0
2026-09-23,12:34:19,23.6,47.0
2026-09-23,12:34:49,23.6,47.0
2026-09-23,12:35:19,23.7,46.9
2026-09-23,12:35:49,23.7,46.9
2026-09-23,12:36:19,23.7,46.9
2026-09-23,12:36:49,23.7,46.8
2026-09-23,12:37:19,23.8,46.8
2026-09-23,12:37:49,23.8,46.7
2026-09-23,12:38:19,23.8,46.7
2026-09-23,12:38:49,23.8,46.7
2026-09-23,12:39:19,23.8,46.7
2026-09-23,12:39:49,23.8,46.7
2026-09-23,12:40:19,23.8,46.7
2026-09-23,12:40:49,23.8,46.7
2026-09-23,12:41:19,23.8,46.6
2026-09-23,12:41:49,23.8,46.6
2026-09-23,12:42:19,23.9,46.6
2026-09-23,12:42:49,23.9,46.6
2026-09-23,12:43:19,23.9,46.6
2026-09-23,12:43:49,23.9,46.6
2026-09-23,12:44:19,23.9,46.5
2026-09-23,12:44:49,23.9,46.5
2026-09-23,12:45:19,23.8,46.5
2026-09-23,12:45:49,23.9,46.6
2026-09-23,12:46:19,23.9,46.6
2026-09-23,12:46:49,23.9,46.6
2026-09-23,12:47:19,23.8,46.6
2026-09-23,12:47:49,23.9,46.6
2026-09-23,12:48:19,23.9,46.6
2026-09-23,12:48:49,23.9,46.6
2026-09-23,12:49:21,23.9,46.6
2026-09-23,12:49:49,23.9,46.5
2026-09-23,12:50:19,23.9,46.6
2026-09-23,12:50:49,23.9,46.6
2026-09-23,12:51:19,23.9,46.6
2026-09-23,12:51:49,23.9,46.6
2026-09-23,12:52:19,23.8,46.6
2026-09-23,12:52:49,23.8,46.7
2026-09-23,12:53:19,23.8,46.7
2026-09-23,12:53:49,23.8,46.7
2026-09-23,12:54:19,23.8,46.8
2026-09-23,12:54:49,23.8,46.7
2026-09-23,12:55:19,23.8,46.8
2026-09-23,12:55:51,23.8,46.8
2026-09-23,12:56:19,23.8,46.8
2026-09-23,12:56:49,23.8,46.8
2026-09-23,12:57:19,23.8,46.8
2026-09-23,12:57:49,23.7,46.8
2026-09-23,12:58:19,23.7,46.9
2026-09-23,12:58:49,23.7,46.9
2026-09-23,12:59:19,23.7,46.9
2026-09-23,12:59:49,23.7,46.9
2026-09-23,13:00:21,23.7,47.0
2026-09-23,13:00:49,23.7,46.9
2026-09-23,13:01:19,23.7,47.0
2026-09-23,13:01:49,23.7,47.0
2026-09-23,13:02:19,23.7,47.0
2026-09-23,13:02:49,23.7,47.0
2026-09-23,13:03:19,23.7,47.0
2026-09-23,13:03:49,23.7,47.0
2026-09-23,13:04:19,23.7,47.1
2026-09-23,13:04:49,23.7,47.1
2026-09-23,13:05:19,23.7,47.1
2026-09-23,13:05:49,23.7,47.1
2026-09-23,13:06:21,23.7,47.1
2026-09-23,13:06:49,23.7,47.0
2026-09-23,13:07:19,23.7,47.0
2026-09-23,13:07:49,23.7,47.1
2026-09-23,13:08:19,23.7,47.1
2026-09-23,13:08:49,23.7,47.1
2026-09-23,13:09:19,23.7,47.1
2026-09-23,13:09:49,23.7,47.1
2026-09-23,13:10:19,23.7,47.1
2026-09-23,13:10:49,23.6,47.1
2026-09-23,13:11:19,23.6,47.1
2026-09-23,13:11:49,23.7,47.2
2026-09-23,13:12:19,23.6,47.2
2026-09-23,13:12:49,23.7,47.2
2026-09-23,13:13:19,23.6,47.1
2026-09-23,13:13:49,23.7,47.2
2026-09-23,13:14:19,23.6,47.2
2026-09-23,13:14:49,23.6,47.2
2026-09-23,13:15:19,23.6,47.2
2026-09-23,13:15:49,23.7,47.2
2026-09-23,13:16:19,23.7,47.2
2026-09-23,13:16:49,23.6,47.2
2026-09-23,13:17:19,23.7,47.2
2026-09-23,13:17:49,23.7,47.2
2026-09-23,13:18:19,23.7,47.2
2026-09-23,13:18:49,23.7,47.2
2026-09-23,13:19:19,23.7,47.2
2026-09-23,13:19:49,23.7,47.2
2026-09-23,13:20:19,23.7,47.2
2026-09-23,13:20:49,23.7,47.2
2026-09-23,13:21:19,23.7,47.2
2026-09-23,13:21:49,23.7,47.2
2026-09-23,13:22:19,23.7,47.2
2026-09-23,13:22:49,23.7,47.2
2026-09-23,13:23:19,23.6,47.2
2026-09-23,13:23:49,23.7,47.2
2026-09-23,13:24:19,23.6,47.2
2026-09-23,13:24:49,23.6,47.2
2026-09-23,13:25:19,23.6,47.2
2026-09-23,13:25:49,23.6,47.2
2026-09-23,13:26:19,23.6,47.2
2026-09-23,13:26:49,23.6,47.3
2026-09-23,13:27:19,23.7,47.3
2026-09-23,13:27:49,23.6,47.3
2026-09-23,13:28:19,23.6,47.2
2026-09-23,13:28:49,23.7,47.2
2026-09-23,13:29:19,23.6,47.3
2026-09-23,13:29:49,23.7,47.2
2026-09-23,13:30:19,23.7,47.3
2026-09-23,13:30:49,23.7,47.3
2026-09-23,13:31:19,23.7,47.2
2026-09-23,13:31:49,23.7,47.2
2026-09-23,13:32:19,23.7,47.2
2026-09-23,13:32:49,23.7,47.2
2026-09-23,13:33:19,23.7,47.2
2026-09-23,13:33:49,23.7,47.2
2026-09-23,13:34:19,23.7,47.2
2026-09-23,13:34:49,23.7,47.2
2026-09-23,13:35:19,23.7,47.2
2026-09-23,13:35:51,23.7,47.2
2026-09-23,13:36:19,23.7,47.2
2026-09-23,13:36:49,23.7,47.2
2026-09-23,13:37:19,23.6,47.2
2026-09-23,13:37:49,23.6,47.3
2026-09-23,13:38:19,23.6,47.3
2026-09-23,13:38:49,23.6,47.3
2026-09-23,13:39:19,23.6,47.3
2026-09-23,13:39:49,23.6,47.3
2026-09-23,13:40:19,23.7,47.2
2026-09-23,13:40:49,23.7,47.1
2026-09-23,13:41:19,23.7,47.0
2026-09-23,13:41:49,23.8,47.0
2026-09-23,13:42:19,23.7,47.1
2026-09-23,13:42:49,23.7,47.1
2026-09-23,13:43:19,23.6,47.2
2026-09-23,13:43:49,23.6,47.3
2026-09-23,13:44:19,23.6,47.3
2026-09-23,13:44:49,23.6,47.3
2026-09-23,13:45:19,23.7,47.2
2026-09-23,13:45:49,23.7,47.2
2026-09-23,13:46:19,23.7,47.1
2026-09-23,13:46:49,23.7,47.1
2026-09-23,13:47:19,23.7,47.1
2026-09-23,13:47:49,23.7,47.1
2026-09-23,13:48:19,23.7,47.2
2026-09-23,13:48:49,23.6,47.2
2026-09-23,13:49:19,23.5,47.3
2026-09-23,13:49:49,23.6,47.4
2026-09-23,13:50:21,23.6,47.3
2026-09-23,13:50:51,23.7,47.2
2026-09-23,13:51:19,23.7,47.1
2026-09-23,13:51:49,23.6,47.2
2026-09-23,13:52:19,23.6,47.2
2026-09-23,13:52:49,23.6,47.2
2026-09-23,13:53:19,23.7,47.2
2026-09-23,13:53:49,23.7,47.2
2026-09-23,13:54:19,23.7,47.2
2026-09-23,13:54:49,23.6,47.2
2026-09-23,13:55:19,23.7,47.2
2026-09-23,13:55:49,23.7,47.2
2026-09-23,13:56:19,23.7,47.2
2026-09-23,13:56:49,23.7,47.1
2026-09-23,13:57:19,23.7,47.1
2026-09-23,13:57:49,23.8,47.0
2026-09-23,13:58:19,23.8,47.0
2026-09-23,13:58:49,23.8,47.0
2026-09-23,13:59:19,23.7,47.0
2026-09-23,13:59:49,23.7,47.0
2026-09-23,14:00:19,23.7,47.0
2026-09-23,14:00:49,23.7,47.0
2026-09-23,14:01:21,23.7,47.0
2026-09-23,14:01:49,23.7,47.0
2026-09-23,14:02:19,23.7,47.1
2026-09-23,14:02:49,23.7,47.1
2026-09-23,14:03:19,23.7,47.0
2026-09-23,14:03:49,23.8,47.0
2026-09-23,14:04:19,23.8,47.0
2026-09-23,14:04:49,23.8,47.0
2026-09-23,14:05:19,23.8,47.0
2026-09-23,14:05:51,23.7,47.0
2026-09-23,14:06:19,23.7,47.0
2026-09-23,14:06:51,23.7,47.1
2026-09-23,14:07:19,23.7,47.1
2026-09-23,14:07:49,23.7,47.1
2026-09-23,14:08:19,23.7,47.2
2026-09-23,14:08:49,23.7,47.2
2026-09-23,14:09:21,23.6,47.3
2026-09-23,14:09:49,23.6,47.2
2026-09-23,14:10:19,23.6,47.2
2026-09-23,14:10:49,23.6,47.3
2026-09-23,14:11:19,23.6,47.3
2026-09-23,14:11:51,23.6,47.3
2026-09-23,14:12:19,23.7,47.2
2026-09-23,14:12:49,23.6,47.3
2026-09-23,14:13:19,23.6,47.2
2026-09-23,14:13:49,23.6,47.2
2026-09-23,14:14:19,23.6,47.3
2026-09-23,14:14:49,23.6,47.3
2026-09-23,14:15:19,23.6,47.3
2026-09-23,14:15:49,23.6,47.3
2026-09-23,14:16:21,23.6,47.3
2026-09-23,14:16:49,23.6,47.3
2026-09-23,14:17:19,23.6,47.3
2026-09-23,14:17:49,23.6,47.3
2026-09-23,14:18:19,23.6,47.3
2026-09-23,14:18:49,23.6,47.4
2026-09-23,14:19:19,23.6,47.3
2026-09-23,14:19:49,23.6,47.4
2026-09-23,14:20:21,23.6,47.4
2026-09-23,14:20:49,23.6,47.4
2026-09-23,14:21:19,23.6,47.4
2026-09-23,14:21:49,23.6,47.4
2026-09-23,14:22:19,23.6,47.3
2026-09-23,14:22:49,23.6,47.4
2026-09-23,14:23:19,23.6,47.4
2026-09-23,14:23:49,23.6,47.4
2026-09-23,14:24:19,23.6,47.4
2026-09-23,14:24:49,23.6,47.4
2026-09-23,14:25:19,23.6,47.3
2026-09-23,14:25:49,23.6,47.4
2026-09-23,14:26:19,23.6,47.4
2026-09-23,14:26:49,23.6,47.4
2026-09-23,14:27:19,23.6,47.4
2026-09-23,14:27:49,23.6,47.4
2026-09-23,14:28:19,23.6,47.4
2026-09-23,14:28:49,23.6,47.4
2026-09-23,14:29:21,23.6,47.4
2026-09-23,14:29:49,23.6,47.4
2026-09-23,14:30:19,23.6,47.3
2026-09-23,14:30:49,23.6,47.4
2026-09-23,14:31:19,23.6,47.4
2026-09-23,14:31:49,23.6,47.4
2026-09-23,14:32:19,23.6,47.4
2026-09-23,14:32:49,23.6,47.4
2026-09-23,14:33:19,23.6,47.4
2026-09-23,14:33:49,23.6,47.4
2026-09-23,14:34:19,23.6,47.4
2026-09-23,14:34:49,23.6,47.4
2026-09-23,14:35:19,23.6,47.4
2026-09-23,14:35:49,23.6,47.4
2026-09-23,14:36:19,23.6,47.4
2026-09-23,14:36:49,23.6,47.4
2026-09-23,14:37:19,23.6,47.4
2026-09-23,14:37:49,23.6,47.4
2026-09-23,14:38:19,23.6,47.4
2026-09-23,14:38:49,23.6,47.4
2026-09-23,14:39:19,23.6,47.4
2026-09-23,14:39:49,23.6,47.4
2026-09-23,14:40:19,23.6,47.4
2026-09-23,14:40:51,23.6,47.4
2026-09-23,14:41:19,23.6,47.4
2026-09-23,14:41:49,23.6,47.4
2026-09-23,14:42:19,23.6,47.4
2026-09-23,14:42:49,23.6,47.4
2026-09-23,14:43:19,23.6,47.4
2026-09-23,14:43:49,23.6,47.4
2026-09-23,14:44:19,23.6,47.4
2026-09-23,14:44:51,23.6,47.4
2026-09-23,14:45:19,23.6,47.4
2026-09-23,14:45:49,23.6,47.4
2026-09-23,14:46:19,23.6,47.4
2026-09-23,14:46:49,23.6,47.4
2026-09-23,14:47:19,23.6,47.4
2026-09-23,14:47:49,23.6,47.4
2026-09-23,14:48:19,23.6,47.3
2026-09-23,14:48:49,23.6,47.4
2026-09-23,14:49:21,23.6,47.4
2026-09-23,14:49:49,23.6,47.4
2026-09-23,14:50:19,23.6,47.4
2026-09-23,14:50:49,23.6,47.4
2026-09-23,14:51:19,23.6,47.4
2026-09-23,14:51:49,23.6,47.4
2026-09-23,14:52:19,23.6,47.4
2026-09-23,14:52:49,23.6,47.4
2026-09-23,14:53:19,23.7,47.3
2026-09-23,14:53:49,23.6,47.3
2026-09-23,14:54:19,23.6,47.4
2026-09-23,14:54:49,23.6,47.4
2026-09-23,14:55:19,23.6,47.4
2026-09-23,14:55:51,23.6,47.3
2026-09-23,14:56:19,23.7,47.3
2026-09-23,14:56:49,23.6,47.4
2026-09-23,14:57:19,23.6,47.3
2026-09-23,14:57:49,23.6,47.3
2026-09-23,14:58:19,23.7,47.3
2026-09-23,14:58:49,23.7,47.2
2026-09-23,14:59:19,23.7,47.2
2026-09-23,14:59:49,23.7,47.2
2026-09-23,15:00:19,23.8,47.2
2026-09-23,15:00:49,23.8,47.1
2026-09-23,15:01:19,23.7,47.1
2026-09-23,15:01:49,23.7,47.1
2026-09-23,15:02:19,23.8,47.1
2026-09-23,15:02:49,23.8,47.1
2026-09-23,15:03:19,23.7,47.0
2026-09-23,15:03:49,23.7,47.1
2026-09-23,15:04:19,23.7,47.1
2026-09-23,15:04:49,23.7,47.1
2026-09-23,15:05:19,23.7,47.1
2026-09-23,15:05:49,23.8,47.1
2026-09-23,15:06:19,23.7,47.1
2026-09-23,15:06:49,23.8,47.0
2026-09-23,15:07:21,23.8,47.0
2026-09-23,15:07:49,23.8,46.9
2026-09-23,15:08:19,23.8,46.9
2026-09-23,15:08:49,23.8,46.9
2026-09-23,15:09:19,23.8,46.9
2026-09-23,15:09:49,23.8,47.0
2026-09-23,15:10:19,23.8,47.0
2026-09-23,15:10:49,23.8,46.9
2026-09-23,15:11:19,23.8,47.0
2026-09-23,15:11:49,23.8,47.0
2026-09-23,15:12:19,23.8,47.0
2026-09-23,15:12:49,23.8,47.0
2026-09-23,15:13:19,23.8,47.1
2026-09-23,15:13:49,23.7,47.1
2026-09-23,15:14:19,23.7,47.0
2026-09-23,15:14:49,23.7,47.1
2026-09-23,15:15:19,23.7,47.1
2026-09-23,15:15:49,23.7,47.1
2026-09-23,15:16:19,23.7,47.1
2026-09-23,15:16:49,23.7,47.2
2026-09-23,15:17:21,23.7,47.2
2026-09-23,15:17:49,23.7,47.1
2026-09-23,15:18:19,23.7,47.1
2026-09-23,15:18:49,23.7,47.2
2026-09-23,15:19:19,23.7,47.2
2026-09-23,15:19:49,23.7,47.2
2026-09-23,15:20:21,23.7,47.2
2026-09-23,15:20:49,23.7,47.2
2026-09-23,15:21:19,23.7,47.2
2026-09-23,15:21:49,23.7,47.2
2026-09-23,15:22:19,23.7,47.2
2026-09-23,15:22:49,23.7,47.2
2026-09-23,15:23:19,23.7,47.2
2026-09-23,15:23:49,23.7,47.2
2026-09-23,15:24:19,23.7,47.2
2026-09-23,15:24:49,23.7,47.2
2026-09-23,15:25:19,23.6,47.2
2026-09-23,15:25:49,23.6,47.2
2026-09-23,15:26:19,23.7,47.3
2026-09-23,15:26:49,23.6,47.3
2026-09-23,15:27:19,23.7,47.3
2026-09-23,15:27:49,23.6,47.3
2026-09-23,15:28:19,23.6,47.3
2026-09-23,15:28:49,23.7,47.3
2026-09-23,15:29:19,23.6,47.2
2026-09-23,15:29:49,23.7,47.3
2026-09-23,15:30:19,23.6,47.2
2026-09-23,15:30:49,23.6,47.3
2026-09-23,15:31:19,23.6,47.2
2026-09-23,15:31:49,23.6,47.3
2026-09-23,15:32:19,23.6,47.3
2026-09-23,15:32:49,23.6,47.3
2026-09-23,15:33:23,23.6,47.3
2026-09-23,15:33:49,23.6,47.2
2026-09-23,15:34:19,23.7,47.2
2026-09-23,15:34:49,23.6,47.3
2026-09-23,15:35:21,23.6,47.3
2026-09-23,15:35:49,23.6,47.3
2026-09-23,15:36:19,23.6,47.3
2026-09-23,15:36:49,23.6,47.3
2026-09-23,15:37:19,23.6,47.3
2026-09-23,15:37:49,23.7,47.3
2026-09-23,15:38:19,23.7,47.3
2026-09-23,15:38:49,23.7,47.2
2026-09-23,15:39:19,23.7,47.2
2026-09-23,15:39:49,23.7,47.2
2026-09-23,15:40:19,23.7,47.2
2026-09-23,15:40:49,23.7,47.1
2026-09-23,15:41:19,23.7,47.1
2026-09-23,15:41:49,23.8,47.1
2026-09-23,15:42:19,23.7,47.0
2026-09-23,15:42:51,23.8,47.0
2026-09-23,15:43:19,23.8,46.9
2026-09-23,15:43:49,23.8,46.9
2026-09-23,15:44:19,23.8,46.8
2026-09-23,15:44:49,23.8,46.8
2026-09-23,15:45:19,23.9,46.8
2026-09-23,15:45:49,23.9,46.8
2026-09-23,15:46:19,23.9,46.8
2026-09-23,15:46:51,23.9,46.7
2026-09-23,15:47:19,23.9,46.7
2026-09-23,15:47:49,23.9,46.7
2026-09-23,15:48:21,23.8,46.8
2026-09-23,15:48:49,23.8,46.8
2026-09-23,15:49:19,23.8,46.8
2026-09-23,15:49:49,23.8,46.9
2026-09-23,15:50:19,23.8,46.9
2026-09-23,15:50:49,23.8,46.9
2026-09-23,15:51:19,23.8,46.9
2026-09-23,15:51:49,23.8,46.9
2026-09-23,15:52:19,23.8,46.8
2026-09-23,15:52:49,23.8,46.8
2026-09-23,15:53:19,23.8,46.8
2026-09-23,15:53:51,23.9,46.7
2026-09-23,15:54:19,23.9,46.6
2026-09-23,15:54:51,23.8,46.7
2026-09-23,15:55:19,23.8,46.7
2026-09-23,15:55:49,23.9,46.7
2026-09-23,15:56:19,23.9,46.8
2026-09-23,15:56:49,23.9,46.7
2026-09-23,15:57:19,23.9,46.6
2026-09-23,15:57:49,23.8,46.7
2026-09-23,15:58:19,23.8,46.7
2026-09-23,15:58:51,23.8,46.8
2026-09-23,15:59:19,23.8,46.8
2026-09-23,15:59:49,23.8,46.8
2026-09-23,16:00:19,23.8,46.8
2026-09-23,16:00:49,23.8,46.8
2026-09-23,16:01:19,23.8,46.8
2026-09-23,16:01:49,23.8,46.8
2026-09-23,16:02:19,23.8,46.8
2026-09-23,16:02:49,23.8,46.9
2026-09-23,16:03:19,23.8,46.9
2026-09-23,16:03:49,23.8,46.9
2026-09-23,16:04:19,23.8,46.9
2026-09-23,16:04:49,23.8,46.9
2026-09-23,16:05:19,23.8,47.0
2026-09-23,16:05:49,23.7,47.0
2026-09-23,16:06:19,23.7,47.0
2026-09-23,16:06:49,23.7,47.0
2026-09-23,16:07:19,23.7,47.0
2026-09-23,16:07:51,23.7,47.0
2026-09-23,16:08:19,23.7,47.0
2026-09-23,16:08:49,23.7,47.0
2026-09-23,16:09:19,23.7,47.1
2026-09-23,16:09:49,23.7,47.1
2026-09-23,16:10:19,23.7,47.1
2026-09-23,16:10:51,23.7,47.1
2026-09-23,16:11:19,23.7,47.1
2026-09-23,16:11:49,23.7,47.1
2026-09-23,16:12:19,23.7,47.1
2026-09-23,16:12:49,23.7,47.1
2026-09-23,16:13:19,23.7,47.1
2026-09-23,16:13:49,23.7,47.1
2026-09-23,16:14:21,23.7,47.1
2026-09-23,16:14:49,23.7,47.1
2026-09-23,16:15:19,23.7,47.1
2026-09-23,16:15:49,23.7,47.1
2026-09-23,16:16:19,23.7,47.1
2026-09-23,16:16:49,23.7,47.2
2026-09-23,16:17:19,23.6,47.2
2026-09-23,16:17:51,23.6,47.2
2026-09-23,16:18:19,23.6,47.2
2026-09-23,16:18:49,23.6,47.2
2026-09-23,16:19:21,23.6,47.2
2026-09-23,16:19:49,23.6,47.2
2026-09-23,16:20:19,23.6,47.2
2026-09-23,16:20:49,23.6,47.2
2026-09-23,16:21:19,23.6,47.2
2026-09-23,16:21:49,23.6,47.2
2026-09-23,16:22:19,23.6,47.2
2026-09-23,16:22:49,23.6,47.2
2026-09-23,16:23:19,23.6,47.2
2026-09-23,16:23:49,23.6,47.3
2026-09-23,16:24:19,23.6,47.2
2026-09-23,16:24:49,23.6,47.2
2026-09-23,16:25:19,23.6,47.2
2026-09-23,16:25:49,23.6,47.2
2026-09-23,16:26:19,23.6,47.2
2026-09-23,16:26:49,23.6,47.2
2026-09-23,16:27:19,23.6,47.2
2026-09-23,16:27:49,23.6,47.2
2026-09-23,16:28:19,23.7,47.2
2026-09-23,16:28:49,23.7,47.2
2026-09-23,16:29:19,23.6,47.2
2026-09-23,16:29:49,23.6,47.2
2026-09-23,16:30:21,23.6,47.2
2026-09-23,16:30:49,23.7,47.1
2026-09-23,16:31:19,23.7,47.2
2026-09-23,16:31:49,23.6,47.2
2026-09-23,16:32:19,23.6,47.2
2026-09-23,16:32:49,23.6,47.2
2026-09-23,16:33:19,23.6,47.2
2026-09-23,16:33:49,23.6,47.2
2026-09-23,16:34:19,23.7,47.2
2026-09-23,16:34:49,23.7,47.2
2026-09-23,16:35:19,23.7,47.2
2026-09-23,16:35:49,23.7,47.2
2026-09-23,16:36:19,23.7,47.1
2026-09-23,16:36:49,23.7,47.0
2026-09-23,16:37:21,23.7,47.0
2026-09-23,16:37:49,23.7,47.0
2026-09-23,16:38:19,23.7,47.0
2026-09-23,16:38:49,23.7,47.0
2026-09-23,16:39:19,23.7,47.0
2026-09-23,16:39:49,23.7,47.0
2026-09-23,16:40:19,23.7,47.0
2026-09-23,16:40:49,23.7,47.0
2026-09-23,16:41:19,23.7,47.0
2026-09-23,16:41:49,23.7,47.0
2026-09-23,16:42:19,23.7,47.0
2026-09-23,16:42:49,23.7,47.0
2026-09-23,16:43:19,23.7,47.0
2026-09-23,16:43:49,23.7,47.1
2026-09-23,16:44:19,23.7,47.0
2026-09-23,16:44:51,23.7,47.0
2026-09-23,16:45:19,23.7,46.9
2026-09-23,16:45:49,23.7,46.9
2026-09-23,16:46:19,23.7,46.9
2026-09-23,16:46:49,23.7,46.8
2026-09-23,16:47:19,23.6,46.9
2026-09-23,16:47:49,23.6,46.9
2026-09-23,16:48:19,23.6,46.9
2026-09-23,16:48:49,23.6,46.9
2026-09-23,16:49:19,23.6,46.9
2026-09-23,16:49:49,23.6,46.9
2026-09-23,16:50:19,23.6,46.9
2026-09-23,16:50:49,23.6,46.9
2026-09-23,16:51:19,23.6,46.9
2026-09-23,16:51:49,23.6,46.9
2026-09-23,16:52:21,23.7,46.7
2026-09-23,16:52:51,23.7,46.6
2026-09-23,16:53:19,23.7,46.6
2026-09-23,16:53:49,23.7,46.6
2026-09-23,16:54:19,23.7,46.5
2026-09-23,16:54:51,23.7,46.5
2026-09-23,16:55:19,23.8,46.5
2026-09-23,16:55:49,23.7,46.5
2026-09-23,16:56:19,23.8,46.5
2026-09-23,16:56:49,23.8,46.5
2026-09-23,16:57:19,23.8,46.5
2026-09-23,16:57:49,23.8,46.4
2026-09-23,16:58:19,23.8,46.4
2026-09-23,16:58:49,23.8,46.4
2026-09-23,16:59:19,23.8,46.4
2026-09-23,16:59:49,23.8,46.4
2026-09-23,17:00:19,23.8,46.5
2026-09-23,17:00:49,23.8,46.5
2026-09-23,17:01:19,23.8,46.5
2026-09-23,17:01:49,23.7,46.5
2026-09-23,17:02:19,23.7,46.5
2026-09-23,17:02:49,23.7,46.5
2026-09-23,17:03:19,23.7,46.5
2026-09-23,17:03:49,23.7,46.5
2026-09-23,17:04:21,23.7,46.4
2026-09-23,17:04:51,23.7,46.4
2026-09-23,17:05:19,23.7,46.3
2026-09-23,17:05:49,23.7,46.3
2026-09-23,17:06:19,23.7,46.3
2026-09-23,17:06:49,23.7,46.3
2026-09-23,17:07:19,23.7,46.2
2026-09-23,17:07:49,23.7,46.1
2026-09-23,17:08:19,23.7,46.2
2026-09-23,17:08:51,23.7,46.3
2026-09-23,17:09:19,23.7,46.3
2026-09-23,17:09:49,23.7,46.3
2026-09-23,17:10:19,23.7,46.4
2026-09-23,17:10:49,23.7,46.4
2026-09-23,17:11:19,23.7,46.3
2026-09-23,17:11:49,23.7,46.4
2026-09-23,17:12:19,23.7,46.4
2026-09-23,17:12:51,23.6,46.4
2026-09-23,17:13:19,23.7,46.4
2026-09-23,17:13:49,23.6,46.4
2026-09-23,17:14:19,23.6,46.4
2026-09-23,17:14:49,23.7,46.4
2026-09-23,17:15:19,23.6,46.4
2026-09-23,17:15:49,23.6,46.3
2026-09-23,17:16:19,23.6,46.4
2026-09-23,17:16:49,23.7,46.3
2026-09-23,17:17:19,23.7,46.3
2026-09-23,17:17:49,23.7,46.3
2026-09-23,17:18:19,23.7,46.3
2026-09-23,17:18:49,23.7,46.3
2026-09-23,17:19:19,23.7,46.3
2026-09-23,17:19:51,23.7,46.3
2026-09-23,17:20:19,23.7,46.2
2026-09-23,17:20:49,23.7,46.2
2026-09-23,17:21:19,23.7,46.2
2026-09-23,17:21:49,23.7,46.3
2026-09-23,17:22:19,23.7,46.2
2026-09-23,17:22:49,23.7,46.2
2026-09-23,17:23:19,23.7,46.3
2026-09-23,17:23:49,23.6,46.3
2026-09-23,17:24:19,23.7,46.2
2026-09-23,17:24:49,23.6,46.2
2026-09-23,17:25:19,23.7,46.2
2026-09-23,17:25:49,23.6,46.2
2026-09-23,17:26:19,23.6,46.2
2026-09-23,17:26:49,23.7,46.2
2026-09-23,17:27:19,23.6,46.2
2026-09-23,17:27:49,23.7,46.2
2026-09-23,17:28:21,23.6,46.2
2026-09-23,17:28:49,23.6,46.2
2026-09-23,17:29:21,23.6,46.2
2026-09-23,17:29:49,23.7,46.1
2026-09-23,17:30:19,23.7,46.2
2026-09-23,17:30:49,23.7,46.2
2026-09-23,17:31:19,23.7,46.2
2026-09-23,17:31:49,23.7,46.2
2026-09-23,17:32:19,23.7,46.2
2026-09-23,17:32:49,23.7,46.1
2026-09-23,17:33:19,23.7,46.0
2026-09-23,17:33:49,23.7,45.9
2026-09-23,17:34:19,23.7,46.0
2026-09-23,17:34:49,23.7,46.0
2026-09-23,17:35:19,23.7,45.9
2026-09-23,17:35:49,23.7,45.9
2026-09-23,17:36:19,23.7,46.0
2026-09-23,17:36:49,23.6,46.0
2026-09-23,17:37:19,23.6,46.1
2026-09-23,17:37:49,23.6,46.1
2026-09-23,17:38:19,23.6,46.0
2026-09-23,17:38:49,23.7,46.0
2026-09-23,17:39:19,23.7,45.9
2026-09-23,17:39:49,23.8,45.8
2026-09-23,17:40:19,23.8,45.7
2026-09-23,17:40:49,23.9,45.6
2026-09-23,17:41:19,23.8,45.5
2026-09-23,17:41:49,23.8,45.7
2026-09-23,17:42:19,23.8,45.6
2026-09-23,17:42:51,23.8,45.7
2026-09-23,17:43:23,23.8,45.7
2026-09-23,17:43:49,23.8,45.6
2026-09-23,17:44:19,23.8,45.6
2026-09-23,17:44:49,23.8,45.6
2026-09-23,17:45:19,23.8,45.6
2026-09-23,17:45:49,23.8,45.6
2026-09-23,17:46:19,23.8,45.6
2026-09-23,17:46:49,23.8,45.5
2026-09-23,17:47:19,23.8,45.5
2026-09-23,17:47:49,23.8,45.6
2026-09-23,17:48:19,23.8,45.6
2026-09-23,17:48:49,23.7,45.6
2026-09-23,17:49:19,23.7,45.6
2026-09-23,17:49:49,23.7,45.6
2026-09-23,17:50:19,23.7,45.7
2026-09-23,17:50:49,23.7,45.7
2026-09-23,17:51:19,23.7,45.7
2026-09-23,17:51:49,23.7,45.7
2026-09-23,17:52:19,23.7,45.8
2026-09-23,17:52:49,23.7,45.7
2026-09-23,17:53:19,23.8,45.7
2026-09-23,17:53:49,23.8,45.7
2026-09-23,17:54:19,23.8,45.7
2026-09-23,17:54:49,23.8,45.7
2026-09-23,17:55:19,23.8,45.7
2026-09-23,17:55:49,23.8,45.7
2026-09-23,17:56:19,23.8,45.7
2026-09-23,17:56:49,23.8,45.8
2026-09-23,17:57:19,23.8,45.8
2026-09-23,17:57:49,23.7,45.8
2026-09-23,17:58:19,23.7,45.9
2026-09-23,17:58:49,23.7,45.9
2026-09-23,17:59:19,23.7,45.9
2026-09-23,17:59:49,23.7,46.0
2026-09-23,18:00:19,23.7,46.0
2026-09-23,18:00:49,23.7,46.0
2026-09-23,18:01:19,23.7,46.0
2026-09-23,18:01:49,23.7,46.0
2026-09-23,18:02:19,23.6,46.0
2026-09-23,18:02:49,23.6,46.0
2026-09-23,18:03:19,23.6,46.0
2026-09-23,18:03:49,23.6,46.1
2026-09-23,18:04:19,23.6,46.1
2026-09-23,18:04:49,23.6,46.1
2026-09-23,18:05:19,23.6,46.0
2026-09-23,18:05:49,23.6,46.1
2026-09-23,18:06:19,23.6,46.0
2026-09-23,18:06:49,23.6,46.0
2026-09-23,18:07:19,23.6,46.1
2026-09-23,18:07:49,23.6,46.1
2026-09-23,18:08:19,23.6,46.1
2026-09-23,18:08:49,23.6,46.1
2026-09-23,18:09:19,23.6,46.1
2026-09-23,18:09:49,23.6,46.1
2026-09-23,18:10:19,23.6,46.1
2026-09-23,18:10:49,23.6,46.1
2026-09-23,18:11:21,23.6,46.1
2026-09-23,18:11:51,23.6,46.1
2026-09-23,18:12:19,23.6,46.1
2026-09-23,18:12:49,23.6,46.1
2026-09-23,18:13:19,23.6,46.1
2026-09-23,18:13:49,23.6,46.1
2026-09-23,18:14:19,23.6,46.1
2026-09-23,18:14:51,23.7,46.1
2026-09-23,18:15:19,23.7,46.1
2026-09-23,18:15:49,23.7,46.1
2026-09-23,18:16:19,23.7,46.1
2026-09-23,18:16:49,23.6,46.1
2026-09-23,18:17:19,23.7,46.1
2026-09-23,18:17:49,23.6,46.1
2026-09-23,18:18:19,23.7,46.2
2026-09-23,18:18:49,23.6,46.2
2026-09-23,18:19:19,23.6,46.2
2026-09-23,18:19:49,23.7,46.1
2026-09-23,18:20:19,23.6,46.1
2026-09-23,18:20:49,23.6,46.1
2026-09-23,18:21:19,23.7,46.1
2026-09-23,18:21:49,23.7,46.1
2026-09-23,18:22:19,23.6,46.1
2026-09-23,18:22:49,23.6,46.2
2026-09-23,18:23:19,23.7,46.1
2026-09-23,18:23:49,23.7,46.1
2026-09-23,18:24:19,23.7,46.1
2026-09-23,18:24:49,23.7,46.1
2026-09-23,18:25:19,23.7,46.1
2026-09-23,18:25:49,23.7,46.1
2026-09-23,18:26:19,23.7,46.1
2026-09-23,18:26:49,23.7,46.1
2026-09-23,18:27:19,23.7,46.1
2026-09-23,18:27:49,23.6,46.1
2026-09-23,18:28:19,23.7,46.2
2026-09-23,18:28:49,23.7,46.1
2026-09-23,18:29:19,23.7,46.1
2026-09-23,18:29:49,23.7,46.2
2026-09-23,18:30:19,23.7,46.1
2026-09-23,18:30:49,23.7,46.1
2026-09-23,18:31:21,23.7,46.1
2026-09-23,18:31:49,23.7,46.1
2026-09-23,18:32:19,23.7,46.1
2026-09-23,18:32:49,23.7,46.2
2026-09-23,18:33:19,23.6,46.1
2026-09-23,18:33:49,23.7,46.1
2026-09-23,18:34:19,23.7,46.1
2026-09-23,18:34:49,23.7,46.1
2026-09-23,18:35:19,23.7,46.1
2026-09-23,18:35:49,23.7,46.1
2026-09-23,18:36:21,23.7,46.1
2026-09-23,18:36:49,23.7,46.1
2026-09-23,18:37:19,23.7,46.1
2026-09-23,18:37:51,23.7,46.1
2026-09-23,18:38:19,23.7,46.1
2026-09-23,18:38:49,23.7,46.1
2026-09-23,18:39:19,23.7,46.1
2026-09-23,18:39:49,23.7,46.0
2026-09-23,18:40:19,23.7,46.0
2026-09-23,18:40:49,23.7,46.0
2026-09-23,18:41:19,23.7,46.0
2026-09-23,18:41:49,23.6,46.1
2026-09-23,18:42:19,23.6,46.1
2026-09-23,18:42:49,23.6,46.1
2026-09-23,18:43:19,23.6,46.1
2026-09-23,18:43:49,23.6,46.1
2026-09-23,18:44:19,23.6,46.2
2026-09-23,18:44:49,23.6,46.2
2026-09-23,18:45:19,23.6,46.1
2026-09-23,18:45:49,23.7,46.0
2026-09-23,18:46:19,23.7,46.0
2026-09-23,18:46:49,23.8,45.8
2026-09-23,18:47:21,23.8,45.8
2026-09-23,18:47:49,23.8,45.8
2026-09-23,18:48:19,23.7,45.8
2026-09-23,18:48:49,23.7,45.8
2026-09-23,18:49:19,23.7,45.8
2026-09-23,18:49:49,23.7,45.8
2026-09-23,18:50:19,23.7,45.9
2026-09-23,18:50:49,23.7,45.9
2026-09-23,18:51:19,23.7,45.8
2026-09-23,18:51:49,23.8,45.8
2026-09-23,18:52:19,23.8,45.8
2026-09-23,18:52:49,23.8,45.8
2026-09-23,18:53:19,23.8,45.8
2026-09-23,18:53:51,23.8,45.7
2026-09-23,18:54:19,23.8,45.6
2026-09-23,18:54:49,23.8,45.7
2026-09-23,18:55:19,23.9,45.6
2026-09-23,18:55:49,23.8,45.6
2026-09-23,18:56:19,23.8,45.7
2026-09-23,18:56:49,23.8,45.6
2026-09-23,18:57:19,23.8,45.6
2026-09-23,18:57:49,23.8,45.7
2026-09-23,18:58:19,23.8,45.6
2026-09-23,18:58:49,23.8,45.6
2026-09-23,18:59:19,23.8,45.7
2026-09-23,18:59:49,23.8,45.7
2026-09-23,19:00:19,23.8,45.7
2026-09-23,19:00:49,23.8,45.7
2026-09-23,19:01:19,23.8,45.7
2026-09-23,19:01:49,23.8,45.8
2026-09-23,19:02:19,23.8,45.8
2026-09-23,19:02:49,23.8,45.8
2026-09-23,19:03:19,23.8,45.8
2026-09-23,19:03:49,23.7,45.9
2026-09-23,19:04:19,23.7,45.9
2026-09-23,19:04:49,23.7,45.9
2026-09-23,19:05:19,23.7,45.9
2026-09-23,19:05:49,23.7,45.9
2026-09-23,19:06:19,23.7,45.9
2026-09-23,19:06:49,23.7,45.9
2026-09-23,19:07:19,23.7,46.0
2026-09-23,19:07:49,23.7,45.9
2026-09-23,19:08:19,23.7,45.9
2026-09-23,19:08:51,23.7,45.9
2026-09-23,19:09:21,23.7,46.0
2026-09-23,19:09:51,23.7,45.9
2026-09-23,19:10:19,23.7,45.9
2026-09-23,19:10:49,23.7,45.9
2026-09-23,19:11:19,23.7,45.9
2026-09-23,19:11:49,23.7,46.0
2026-09-23,19:12:19,23.7,46.0
2026-09-23,19:12:49,23.7,46.0
2026-09-23,19:13:19,23.7,45.9
2026-09-23,19:13:49,23.7,46.0
2026-09-23,19:14:19,23.7,46.0
2026-09-23,19:14:49,23.7,46.0
2026-09-23,19:15:19,23.7,46.0
2026-09-23,19:15:49,23.7,46.0
2026-09-23,19:16:19,23.7,46.0
2026-09-23,19:16:51,23.7,46.0
2026-09-23,19:17:19,23.7,46.0
2026-09-23,19:17:49,23.7,46.0
2026-09-23,19:18:19,23.7,46.0
2026-09-23,19:18:49,23.7,46.0
2026-09-23,19:19:19,23.7,46.0
2026-09-23,19:19:49,23.7,46.0
2026-09-23,19:20:19,23.7,46.0
2026-09-23,19:20:49,23.7,46.0
2026-09-23,19:21:21,23.7,46.0
2026-09-23,19:21:49,23.7,46.0
2026-09-23,19:22:19,23.7,46.0
2026-09-23,19:22:49,23.7,46.0
2026-09-23,19:23:19,23.7,46.0
2026-09-23,19:23:49,23.7,46.0
2026-09-23,19:24:19,23.7,46.0
2026-09-23,19:24:49,23.7,46.0
2026-09-23,19:25:19,23.7,46.0
2026-09-23,19:25:49,23.7,46.0
2026-09-23,19:26:19,23.7,45.9
2026-09-23,19:26:49,23.7,45.9
2026-09-23,19:27:19,23.7,45.9
2026-09-23,19:27:49,23.7,46.0
2026-09-23,19:28:19,23.7,45.9
2026-09-23,19:28:49,23.7,45.9
2026-09-23,19:29:19,23.7,45.9
2026-09-23,19:29:49,23.7,45.9
2026-09-23,19:30:19,23.7,45.9
2026-09-23,19:30:49,23.7,45.9
2026-09-23,19:31:19,23.7,45.9
2026-09-23,19:31:49,23.7,45.9
2026-09-23,19:32:19,23.7,45.9
2026-09-23,19:32:49,23.7,46.0
2026-09-23,19:33:21,23.7,46.0
2026-09-23,19:33:49,23.7,45.9
2026-09-23,19:34:19,23.7,46.0
2026-09-23,19:34:49,23.7,45.9
2026-09-23,19:35:19,23.7,45.9
2026-09-23,19:35:51,23.7,46.0
2026-09-23,19:36:19,23.7,45.9
2026-09-23,19:36:49,23.7,45.9
2026-09-23,19:37:19,23.7,46.0
2026-09-23,19:37:49,23.7,46.0
2026-09-23,19:38:19,23.7,45.9
2026-09-23,19:38:49,23.7,46.0
2026-09-23,19:39:19,23.7,45.9
2026-09-23,19:39:49,23.7,45.9
2026-09-23,19:40:19,23.7,45.9
2026-09-23,19:40:49,23.7,45.9
2026-09-23,19:41:19,23.7,46.0
2026-09-23,19:41:49,23.7,46.0
2026-09-23,19:42:19,23.7,46.0
2026-09-23,19:42:49,23.7,46.0
2026-09-23,19:43:19,23.7,45.9
2026-09-23,19:43:49,23.7,46.0
2026-09-23,19:44:19,23.7,46.0
2026-09-23,19:44:49,23.7,46.0
2026-09-23,19:45:19,23.7,46.0
2026-09-23,19:45:49,23.7,46.0
2026-09-23,19:46:21,23.7,46.0
2026-09-23,19:46:49,23.7,45.9
2026-09-23,19:47:19,23.7,46.0
2026-09-23,19:47:49,23.7,45.9
2026-09-23,19:48:19,23.7,46.0
2026-09-23,19:48:49,23.7,45.9
2026-09-23,19:49:19,23.7,45.9
2026-09-23,19:49:49,23.7,45.8
2026-09-23,19:50:19,23.7,45.8
2026-09-23,19:50:49,23.8,45.8
2026-09-23,19:51:19,23.8,45.8
2026-09-23,19:51:51,23.8,45.7
2026-09-23,19:52:19,23.8,45.7
2026-09-23,19:52:49,23.7,45.7
2026-09-23,19:53:19,23.7,45.8
2026-09-23,19:53:49,23.7,45.9
2026-09-23,19:54:19,23.8,45.8
2026-09-23,19:54:49,23.8,45.8
2026-09-23,19:55:19,23.9,45.7
2026-09-23,19:55:49,24.0,45.5
2026-09-23,19:56:19,24.0,45.4
2026-09-23,19:56:49,24.1,45.3
2026-09-23,19:57:19,24.2,45.2
2026-09-23,19:57:49,24.2,45.2
2026-09-23,19:58:19,24.3,45.0
2026-09-23,19:58:49,24.3,45.0
2026-09-23,19:59:19,24.4,44.8
2026-09-23,19:59:49,24.4,44.9
2026-09-23,20:00:21,24.5,44.8
2026-09-23,20:00:49,24.5,44.8
2026-09-23,20:01:19,24.5,44.8
2026-09-23,20:01:49,24.7,44.7
2026-09-23,20:02:19,24.8,44.6
2026-09-23,20:02:49,24.9,44.5
2026-09-23,20:03:19,25.0,43.9
2026-09-23,20:03:49,25.0,43.9
2026-09-23,20:04:21,25.1,44.2
2026-09-23,20:04:49,25.1,44.2
2026-09-23,20:05:19,25.2,43.6
2026-09-23,20:05:51,25.4,43.7
2026-09-23,20:06:19,25.4,43.5
2026-09-23,20:06:49,25.6,43.6
2026-09-23,20:07:19,25.7,43.3
2026-09-23,20:07:49,25.8,43.0
2026-09-23,20:08:19,25.9,42.9
2026-09-23,20:08:49,26.0,42.6
2026-09-23,20:09:19,26.1,42.5
2026-09-23,20:09:51,26.1,42.1
2026-09-23,20:10:19,26.2,42.1
2026-09-23,20:10:49,26.2,42.0
2026-09-23,20:11:19,26.2,42.2
2026-09-23,20:11:49,26.2,42.1
2026-09-23,20:12:19,26.2,42.2
2026-09-23,20:12:49,26.1,42.1
2026-09-23,20:13:19,26.1,42.1
2026-09-23,20:13:49,26.1,42.1
2026-09-23,20:14:19,26.0,42.2
2026-09-23,20:14:49,25.9,42.2
2026-09-23,20:15:19,25.8,42.3
2026-09-23,20:15:49,25.8,42.3
2026-09-23,20:16:21,25.6,42.5
2026-09-23,20:16:49,25.6,42.5
2026-09-23,20:17:19,25.5,42.6
2026-09-23,20:17:49,25.4,42.7
2026-09-23,20:18:19,25.3,42.8
2026-09-23,20:18:49,25.2,42.8
2026-09-23,20:19:19,25.1,42.9
2026-09-23,20:19:49,25.0,43.1
2026-09-23,20:20:19,24.9,43.2
2026-09-23,20:20:49,24.8,43.3
2026-09-23,20:21:19,24.8,43.4
2026-09-23,20:21:49,24.7,43.5
2026-09-23,20:22:19,24.6,43.6
2026-09-23,20:22:51,24.5,43.8
2026-09-23,20:23:19,24.5,43.8
2026-09-23,20:23:51,24.4,43.9
2026-09-23,20:24:19,24.4,43.9
2026-09-23,20:24:49,24.4,44.0
2026-09-23,20:25:19,24.3,44.1
2026-09-23,20:25:49,24.3,44.1
2026-09-23,20:26:19,24.3,44.2
2026-09-23,20:26:49,24.2,44.2
2026-09-23,20:27:19,24.2,44.3
2026-09-23,20:27:49,24.2,44.4
2026-09-23,20:28:19,24.1,44.4
2026-09-23,20:28:49,24.1,44.4
2026-09-23,20:29:21,24.1,44.5
2026-09-23,20:29:49,24.1,44.5
2026-09-23,20:30:19,24.1,44.6
2026-09-23,20:30:51,24.0,44.7
2026-09-23,20:31:19,24.0,44.7
2026-09-23,20:31:49,24.0,44.7
2026-09-23,20:32:19,24.0,44.7
2026-09-23,20:32:49,24.0,44.8
2026-09-23,20:33:19,23.9,44.8
2026-09-23,20:33:49,23.9,44.9
2026-09-23,20:34:19,23.9,44.9
2026-09-23,20:34:49,23.9,44.9
2026-09-23,20:35:19,23.9,44.9
2026-09-23,20:35:51,23.8,45.0
2026-09-23,20:36:19,23.9,45.0
2026-09-23,20:36:51,23.9,45.0
2026-09-23,20:37:19,23.9,45.0
2026-09-23,20:37:51,23.8,45.1
2026-09-23,20:38:19,23.9,45.0
2026-09-23,20:38:49,23.8,45.1
2026-09-23,20:39:19,23.8,45.1
2026-09-23,20:39:49,23.8,45.1
2026-09-23,20:40:19,23.8,45.1
2026-09-23,20:40:51,23.8,45.2
2026-09-23,20:41:19,23.8,45.1
2026-09-23,20:41:49,23.9,45.2
2026-09-23,20:42:21,23.9,45.1
2026-09-23,20:42:49,23.9,45.1
2026-09-23,20:43:19,23.9,45.1
2026-09-23,20:43:49,24.0,45.1
2026-09-23,20:44:19,24.0,45.1
2026-09-23,20:44:49,24.0,45.1
2026-09-23,20:45:19,24.0,45.1
2026-09-23,20:45:49,24.1,45.1
2026-09-23,20:46:19,24.1,45.0
2026-09-23,20:46:49,24.1,45.0
2026-09-23,20:47:19,24.2,44.9
2026-09-23,20:47:49,24.2,44.9
2026-09-23,20:48:21,24.3,44.9
2026-09-23,20:48:49,24.4,44.9
2026-09-23,20:49:19,24.4,44.8
2026-09-23,20:49:49,24.6,44.5
2026-09-23,20:50:19,24.7,44.5
2026-09-23,20:50:49,24.8,44.3
2026-09-23,20:51:19,24.9,44.3
2026-09-23,20:51:49,25.0,44.0
2026-09-23,20:52:21,25.2,43.7
2026-09-23,20:52:49,25.2,43.7
2026-09-23,20:53:21,25.2,43.6
2026-09-23,20:53:49,25.3,43.5
2026-09-23,20:54:19,25.3,43.3
2026-09-23,20:54:49,25.3,43.4
2026-09-23,20:55:19,25.4,43.2
2026-09-23,20:55:49,25.4,43.3
2026-09-23,20:56:19,25.4,43.2
2026-09-23,20:56:49,25.4,43.3
2026-09-23,20:57:19,25.4,43.2
2026-09-23,20:57:51,25.4,43.1
2026-09-23,20:58:19,25.4,43.1
2026-09-23,20:58:49,25.3,43.1
2026-09-23,20:59:19,25.3,43.1
2026-09-23,20:59:49,25.3,43.1
2026-09-23,21:00:19,25.2,43.1
2026-09-23,21:00:49,25.2,43.1
2026-09-23,21:01:19,25.1,43.1
2026-09-23,21:01:49,25.1,43.1
2026-09-23,21:02:19,25.1,43.1
2026-09-23,21:02:49,25.1,43.0
2026-09-23,21:03:19,25.1,43.0
2026-09-23,21:03:49,25.1,43.1
2026-09-23,21:04:19,25.1,43.0
2026-09-23,21:04:49,25.2,42.9
2026-09-23,21:05:21,25.0,43.0
2026-09-23,21:05:49,25.0,43.0
2026-09-23,21:06:19,25.0,43.1
2026-09-23,21:06:49,25.1,43.1
2026-09-23,21:07:19,25.2,43.1
2026-09-23,21:07:49,25.2,42.9
2026-09-23,21:08:19,25.3,43.0
2026-09-23,21:08:49,25.4,42.8
2026-09-23,21:09:19,25.4,42.9
2026-09-23,21:09:49,25.4,42.8
2026-09-23,21:10:19,25.6,42.8
2026-09-23,21:10:49,25.7,42.7
2026-09-23,21:11:19,25.8,42.6
2026-09-23,21:11:49,26.0,42.2
2026-09-23,21:12:19,26.1,42.1
2026-09-23,21:12:49,26.2,41.7
2026-09-23,21:13:19,26.3,41.6
2026-09-23,21:13:49,26.4,41.6
2026-09-23,21:14:19,26.5,41.3
2026-09-23,21:14:49,26.6,41.3
2026-09-23,21:15:19,26.6,41.2
2026-09-23,21:15:49,26.6,41.2
2026-09-23,21:16:19,26.6,41.2
2026-09-23,21:16:49,26.6,41.0
2026-09-23,21:17:19,26.6,41.1
2026-09-23,21:17:49,26.5,41.1
2026-09-23,21:18:19,26.5,41.2
2026-09-23,21:18:49,26.4,41.2
2026-09-23,21:19:19,26.4,41.2
2026-09-23,21:19:49,26.3,41.3
2026-09-23,21:20:19,26.3,41.3
2026-09-23,21:20:49,26.2,41.4
2026-09-23,21:21:19,26.1,41.5
2026-09-23,21:21:49,26.0,41.5
2026-09-23,21:22:19,25.9,41.6
2026-09-23,21:22:49,25.8,41.8
2026-09-23,21:23:19,25.7,41.8
2026-09-23,21:23:51,25.5,42.0
2026-09-23,21:24:19,25.5,42.0
2026-09-23,21:24:49,25.4,42.1
2026-09-23,21:25:19,25.3,42.2
2026-09-23,21:25:49,25.2,42.3
2026-09-23,21:26:19,25.1,42.4
2026-09-23,21:26:51,25.0,42.6
2026-09-23,21:27:19,25.0,42.6
2026-09-23,21:27:49,24.9,42.7
2026-09-23,21:28:19,24.8,42.8
2026-09-23,21:28:49,24.8,43.0
2026-09-23,21:29:19,24.7,43.1
2026-09-23,21:29:49,24.6,43.1
2026-09-23,21:30:19,24.6,43.2
2026-09-23,21:30:49,24.5,43.3
2026-09-23,21:31:19,24.5,43.4
2026-09-23,21:31:49,24.4,43.5
2026-09-23,21:32:19,24.4,43.5
2026-09-23,21:32:49,24.3,43.6
2026-09-23,21:33:19,24.3,43.7
2026-09-23,21:33:49,24.3,43.8
2026-09-23,21:34:19,24.2,43.8
2026-09-23,21:34:49,24.2,43.9
2026-09-23,21:35:19,24.2,43.9
2026-09-23,21:35:49,24.1,44.0
2026-09-23,21:36:19,24.1,44.0
2026-09-23,21:36:49,24.1,44.0
2026-09-23,21:37:19,24.1,44.1
2026-09-23,21:37:49,24.1,44.1
2026-09-23,21:38:19,24.0,44.2
2026-09-23,21:38:49,24.0,44.2
2026-09-23,21:39:19,24.0,44.2
2026-09-23,21:39:49,24.0,44.3
2026-09-23,21:40:19,24.0,44.3
2026-09-23,21:40:49,24.0,44.3
2026-09-23,21:41:19,24.0,44.3
2026-09-23,21:41:49,23.9,44.4
2026-09-23,21:42:21,23.9,44.5
2026-09-23,21:42:49,23.9,44.4
2026-09-23,21:43:19,23.9,44.5
2026-09-23,21:43:49,23.9,44.5
2026-09-23,21:44:19,23.9,44.6
2026-09-23,21:44:49,23.9,44.6
2026-09-23,21:45:19,23.8,44.6
2026-09-23,21:45:49,23.8,44.6
2026-09-23,21:46:19,23.9,44.6
2026-09-23,21:46:49,23.8,44.7
2026-09-23,21:47:19,23.9,44.7
2026-09-23,21:47:49,23.8,44.7
2026-09-23,21:48:19,23.9,44.7
2026-09-23,21:48:49,23.8,44.7
2026-09-23,21:49:19,23.8,44.7
2026-09-23,21:49:49,23.9,44.7
2026-09-23,21:50:19,23.8,44.8
2026-09-23,21:50:51,23.8,44.8
2026-09-23,21:51:19,23.9,44.7
2026-09-23,21:51:49,23.8,44.8
2026-09-23,21:52:19,23.8,45.0
2026-09-23,21:52:49,23.7,45.1
2026-09-23,21:53:19,23.7,45.0
2026-09-23,21:53:49,23.7,45.0
2026-09-23,21:54:19,23.8,44.9
2026-09-23,21:54:49,23.8,45.0
2026-09-23,21:55:19,23.7,44.9
2026-09-23,21:55:51,23.8,45.0
2026-09-23,21:56:21,23.8,44.9
2026-09-23,21:56:49,23.8,44.9
2026-09-23,21:57:19,23.8,44.9
2026-09-23,21:57:49,23.9,44.8
2026-09-23,21:58:19,23.9,44.8
2026-09-23,21:58:49,23.8,44.8
2026-09-23,21:59:19,23.8,44.8
2026-09-23,21:59:49,23.8,44.8
2026-09-23,22:00:21,23.8,44.8
2026-09-23,22:00:49,23.9,44.8
2026-09-23,22:01:19,23.9,44.8
2026-09-23,22:01:49,23.9,44.7
2026-09-23,22:02:19,23.9,44.7
2026-09-23,22:02:49,23.9,44.7
2026-09-23,22:03:19,23.9,44.7
2026-09-23,22:03:49,24.0,44.6
2026-09-23,22:04:19,24.0,44.6
2026-09-23,22:04:49,24.0,44.6
2026-09-23,22:05:19,24.0,44.6
2026-09-23,22:05:49,24.0,44.6
2026-09-23,22:06:21,24.0,44.7
2026-09-23,22:06:49,24.0,44.6
2026-09-23,22:07:19,24.0,44.6
2026-09-23,22:07:49,24.0,44.7
2026-09-23,22:08:19,23.9,44.7
2026-09-23,22:08:49,23.9,44.7
2026-09-23,22:09:19,23.9,44.7
2026-09-23,22:09:49,23.9,44.7
2026-09-23,22:10:19,23.9,44.8
2026-09-23,22:10:49,23.9,44.8
2026-09-23,22:11:19,23.9,44.8
2026-09-23,22:11:49,23.9,44.8
2026-09-23,22:12:19,23.9,44.8
2026-09-23,22:12:51,23.9,44.9
2026-09-23,22:13:19,23.9,44.8
2026-09-23,22:13:49,23.9,44.8
2026-09-23,22:14:19,23.9,44.9
2026-09-23,22:14:49,23.9,44.9
2026-09-23,22:15:19,23.9,44.9
2026-09-23,22:15:49,23.8,44.9
2026-09-23,22:16:19,23.9,44.9
2026-09-23,22:16:51,23.8,45.0
2026-09-23,22:17:19,23.9,44.9
2026-09-23,22:17:49,23.8,44.9
2026-09-23,22:18:19,23.8,44.9
2026-09-23,22:18:49,23.8,45.0
2026-09-23,22:19:21,23.8,45.0
2026-09-23,22:19:49,23.8,45.0
2026-09-23,22:20:19,23.8,45.0
2026-09-23,22:20:51,23.8,45.0
2026-09-23,22:21:19,23.9,45.0
2026-09-23,22:21:49,23.8,45.0
2026-09-23,22:22:19,23.8,45.0
2026-09-23,22:22:51,23.8,45.0
2026-09-23,22:23:19,23.8,45.0
2026-09-23,22:23:49,23.8,45.0
2026-09-23,22:24:19,23.8,45.0
2026-09-23,22:24:49,23.8,45.0
2026-09-23,22:25:19,23.8,45.0
2026-09-23,22:25:49,23.8,45.0
2026-09-23,22:26:19,23.8,45.0
2026-09-23,22:26:49,23.8,45.0
2026-09-23,22:27:19,23.8,45.0
2026-09-23,22:27:49,23.8,45.0
2026-09-23,22:28:19,23.8,45.0
2026-09-23,22:28:49,23.8,45.1
2026-09-23,22:29:19,23.8,45.0
2026-09-23,22:29:51,23.8,45.1
2026-09-23,22:30:19,23.8,45.1
2026-09-23,22:30:49,23.8,45.1
2026-09-23,22:31:19,23.8,45.1
2026-09-23,22:31:49,23.8,45.1
2026-09-23,22:32:19,23.8,45.1
2026-09-23,22:32:49,23.8,45.1
2026-09-23,22:33:19,23.8,45.1
2026-09-23,22:33:49,23.8,45.1
2026-09-23,22:34:19,23.8,45.1
2026-09-23,22:34:49,23.8,45.1
2026-09-23,22:35:19,23.8,45.1
2026-09-23,22:35:49,23.8,45.1
2026-09-23,22:36:19,23.8,45.1
2026-09-23,22:36:49,23.8,45.1
2026-09-23,22:37:19,23.8,45.1
2026-09-23,22:37:49,23.8,45.1
2026-09-23,22:38:19,23.8,45.1
2026-09-23,22:38:49,23.8,45.1
2026-09-23,22:39:19,23.8,45.1
2026-09-23,22:39:49,23.8,45.1
2026-09-23,22:40:19,23.8,45.1
2026-09-23,22:40:49,23.8,45.1
2026-09-23,22:41:19,23.8,45.1
2026-09-23,22:41:49,23.8,45.1
2026-09-23,22:42:19,23.8,45.1
2026-09-23,22:42:49,23.8,45.1
2026-09-23,22:43:21,23.8,45.1
2026-09-23,22:43:49,23.8,45.1
2026-09-23,22:44:19,23.8,45.1
2026-09-23,22:44:49,23.8,45.1
2026-09-23,22:45:19,23.8,45.1
2026-09-23,22:45:51,23.8,45.0
2026-09-23,22:46:19,23.8,45.0
2026-09-23,22:46:49,23.8,45.1
2026-09-23,22:47:19,23.8,45.1
2026-09-23,22:47:49,23.7,45.1
2026-09-23,22:48:19,23.7,45.2
2026-09-23,22:48:49,23.7,45.2
2026-09-23,22:49:19,23.7,45.2
2026-09-23,22:49:49,23.7,45.2
2026-09-23,22:50:19,23.7,45.2
2026-09-23,22:50:51,23.7,45.2
2026-09-23,22:51:19,23.7,45.2
2026-09-23,22:51:49,23.7,45.2
2026-09-23,22:52:21,23.7,45.1
2026-09-23,22:52:49,23.8,45.1
2026-09-23,22:53:19,23.7,45.1
2026-09-23,22:53:49,23.7,45.1
2026-09-23,22:54:19,23.7,45.1
2026-09-23,22:54:49,23.7,45.2
2026-09-23,22:55:19,23.7,45.1
2026-09-23,22:55:49,23.8,45.1
2026-09-23,22:56:19,23.8,45.1
2026-09-23,22:56:49,23.8,45.1
2026-09-23,22:57:19,23.8,45.1
2026-09-23,22:57:49,23.8,45.0
2026-09-23,22:58:21,23.9,44.9
2026-09-23,22:58:49,23.9,44.9
2026-09-23,22:59:19,23.9,44.9
2026-09-23,22:59:49,23.9,44.8
2026-09-23,23:00:19,23.9,44.9
2026-09-23,23:00:49,23.9,44.9
2026-09-23,23:01:19,23.9,44.9
2026-09-23,23:01:49,24.0,44.9
2026-09-23,23:02:19,23.9,44.8
2026-09-23,23:02:49,24.0,44.9
2026-09-23,23:03:19,23.9,44.8
2026-09-23,23:03:49,23.9,44.9
2026-09-23,23:04:19,23.9,44.9
2026-09-23,23:04:49,23.9,44.9
2026-09-23,23:05:19,23.9,44.9
2026-09-23,23:05:49,23.9,44.9
2026-09-23,23:06:19,23.9,44.9
2026-09-23,23:06:49,23.9,44.9
2026-09-23,23:07:19,23.9,45.0
2026-09-23,23:07:49,23.9,45.0
2026-09-23,23:08:19,23.9,45.0
2026-09-23,23:08:49,23.9,45.0
2026-09-23,23:09:19,23.9,45.0
2026-09-23,23:09:49,23.9,45.0
2026-09-23,23:10:19,23.9,45.0
2026-09-23,23:10:49,23.8,45.0
2026-09-23,23:11:19,23.8,45.0
2026-09-23,23:11:49,23.8,45.0
2026-09-23,23:12:19,23.8,45.0
2026-09-23,23:12:51,23.8,45.1
2026-09-23,23:13:19,23.8,45.0
2026-09-23,23:13:49,23.8,45.1
2026-09-23,23:14:19,23.8,45.0
2026-09-23,23:14:49,23.8,45.1
2026-09-23,23:15:19,23.8,45.1
2026-09-23,23:15:51,23.8,45.1
2026-09-23,23:16:19,23.8,45.1
2026-09-23,23:16:49,23.8,45.1
2026-09-23,23:17:19,23.8,45.1
2026-09-23,23:17:49,23.8,45.1
2026-09-23,23:18:19,23.8,45.1
2026-09-23,23:18:49,23.8,45.1
2026-09-23,23:19:19,23.8,45.1
2026-09-23,23:19:49,23.8,45.1
2026-09-23,23:20:19,23.8,45.1
2026-09-23,23:20:49,23.8,45.0
2026-09-23,23:21:19,23.8,45.1
2026-09-23,23:21:49,23.8,45.1
2026-09-23,23:22:19,23.8,45.1
2026-09-23,23:22:49,23.8,45.1
2026-09-23,23:23:19,23.8,45.1
2026-09-23,23:23:49,23.8,45.1
2026-09-23,23:24:19,23.8,45.1
2026-09-23,23:24:49,23.8,45.1
2026-09-23,23:25:19,23.8,45.1
2026-09-23,23:25:49,23.8,45.1
2026-09-23,23:26:19,23.8,45.0
2026-09-23,23:26:49,23.8,45.0
2026-09-23,23:27:19,23.8,45.1
2026-09-23,23:27:49,23.8,45.0
2026-09-23,23:28:19,23.8,45.0
2026-09-23,23:28:49,23.8,45.0
2026-09-23,23:29:19,23.8,45.0
2026-09-23,23:29:49,23.8,45.0
2026-09-23,23:30:19,23.8,45.0
2026-09-23,23:30:49,23.8,45.1
2026-09-23,23:31:19,23.8,45.1
2026-09-23,23:31:49,23.8,45.0
2026-09-23,23:32:21,23.8,45.0
2026-09-23,23:32:49,23.8,45.0
2026-09-23,23:33:19,23.9,45.0
2026-09-23,23:33:49,23.8,45.0
2026-09-23,23:34:19,23.8,45.0
2026-09-23,23:34:49,23.9,45.0
2026-09-23,23:35:19,23.9,45.0
2026-09-23,23:35:49,23.9,45.0
2026-09-23,23:36:19,23.9,45.0
2026-09-23,23:36:49,23.9,45.0
2026-09-23,23:37:19,23.8,45.0
2026-09-23,23:37:49,23.8,45.0
2026-09-23,23:38:19,23.8,45.1
2026-09-23,23:38:51,23.8,45.0
2026-09-23,23:39:19,23.9,45.0
2026-09-23,23:39:49,23.8,45.0
2026-09-23,23:40:19,23.8,45.0
2026-09-23,23:40:49,23.8,45.1
2026-09-23,23:41:19,23.8,45.0
2026-09-23,23:41:49,23.9,45.0
2026-09-23,23:42:19,23.8,45.0
2026-09-23,23:42:49,23.9,45.0
2026-09-23,23:43:19,23.9,45.0
2026-09-23,23:43:49,23.9,45.0
2026-09-23,23:44:19,23.9,45.0
2026-09-23,23:44:49,23.8,45.0
2026-09-23,23:45:19,23.9,45.0
2026-09-23,23:45:49,23.9,45.1
2026-09-23,23:46:19,23.9,45.0
2026-09-23,23:46:49,23.9,45.0
2026-09-23,23:47:19,23.9,45.0
2026-09-23,23:47:49,23.9,45.0
2026-09-23,23:48:19,23.8,45.0
2026-09-23,23:48:49,23.8,45.0
2026-09-23,23:49:19,23.8,45.0
2026-09-23,23:49:49,23.8,45.0
2026-09-23,23:50:19,23.7,45.1
2026-09-23,23:50:49,23.7,45.2
2026-09-23,23:51:19,23.7,45.1
2026-09-23,23:51:49,23.7,45.2
2026-09-23,23:52:21,23.6,45.3
2026-09-23,23:52:49,23.6,45.3
2026-09-23,23:53:19,23.6,45.4
2026-09-23,23:53:49,23.6,45.4
2026-09-23,23:54:21,23.6,45.4
2026-09-23,23:54:49,23.6,45.3
2026-09-23,23:55:19,23.6,45.3
2026-09-23,23:55:51,23.7,45.1
2026-09-23,23:56:19,23.7,45.1
2026-09-23,23:56:49,23.7,45.1
2026-09-23,23:57:19,23.7,45.1
2026-09-23,23:57:49,23.6,45.2
2026-09-23,23:58:19,23.6,45.3
2026-09-23,23:58:49,23.6,45.3
2026-09-23,23:59:19,23.6,45.3
2026-09-23,23:59:49,23.6,45.3
