"# Sensor Name: internal_sensor, Pin: 9, InfluxDB Org: thz_lab, InfluxDB Bucket: sensor_data"
date,time,temperature,humidity
2026-10-09,00:00:24,24.2,47.7
2026-10-09,00:00:54,24.2,47.6
2026-10-09,00:01:24,24.2,47.6
2026-10-09,00:01:56,24.2,47.7
2026-10-09,00:02:24,24.2,47.7
2026-10-09,00:02:54,24.2,47.8
2026-10-09,00:03:24,24.1,47.8
2026-10-09,00:03:54,24.1,47.8
2026-10-09,00:04:24,24.1,47.8
2026-10-09,00:04:54,24.1,47.8
2026-10-09,00:05:24,24.1,47.8
2026-10-09,00:05:54,24.2,47.8
2026-10-09,00:06:24,24.2,47.8
2026-10-09,00:06:54,24.2,47.8
2026-10-09,00:07:24,24.2,47.8
2026-10-09,00:07:54,24.2,47.8
2026-10-09,00:08:26,24.2,47.8
2026-10-09,00:08:54,24.2,47.7
2026-10-09,00:09:24,24.2,47.7
2026-10-09,00:09:56,24.2,47.8
2026-10-09,00:10:24,24.2,47.8
2026-10-09,00:10:54,24.2,47.8
2026-10-09,00:11:24,24.2,47.7
2026-10-09,00:11:54,24.2,47.8
2026-10-09,00:12:24,24.2,47.8
2026-10-09,00:12:54,24.2,47.8
2026-10-09,00:13:24,24.2,47.8
2026-10-09,00:13:54,24.2,47.8
2026-10-09,00:14:24,24.2,47.8
2026-10-09,00:14:54,24.1,47.8
2026-10-09,00:15:24,24.1,48.0
2026-10-09,00:15:54,24.1,47.9
2026-10-09,00:16:24,24.1,47.9
2026-10-09,00:16:54,24.1,47.9
2026-10-09,00:17:24,24.1,48.0
2026-10-09,00:17:56,24.1,48.0
2026-10-09,00:18:24,24.1,48.0
2026-10-09,00:18:54,24.1,48.0
2026-10-09,00:19:24,24.1,48.0
2026-10-09,00:19:54,24.1,48.0
2026-10-09,00:20:24,24.1,47.9
2026-10-09,00:20:54,24.1,47.9
2026-10-09,00:21:26,24.1,47.9
2026-10-09,00:21:56,24.1,47.9
2026-10-09,00:22:24,24.1,47.9
2026-10-09,00:22:54,24.1,48.0
2026-10-09,00:23:24,24.1,48.0
2026-10-09,00:23:54,24.1,48.0
2026-10-09,00:24:26,24.1,47.9
2026-10-09,00:24:54,24.1,47.9
2026-10-09,00:25:24,24.1,48.0
2026-10-09,00:25:54,24.1,47.9
2026-10-09,00:26:24,24.2,47.9
2026-10-09,00:26:54,24.2,47.8
2026-10-09,00:27:26,24.2,47.8
2026-10-09,00:27:54,24.2,47.8
2026-10-09,00:28:24,24.2,47.7
2026-10-09,00:28:54,24.2,47.8
2026-10-09,00:29:24,24.1,47.8
2026-10-09,00:29:54,24.2,47.8
2026-10-09,00:30:26,24.2,47.7
2026-10-09,00:30:54,24.2,47.8
2026-10-09,00:31:24,24.2,47.8
2026-10-09,00:31:54,24.2,47.8
2026-10-09,00:32:24,24.2,47.8
2026-10-09,00:32:54,24.2,47.8
2026-10-09,00:33:24,24.2,47.9
2026-10-09,00:33:54,24.2,47.8
2026-10-09,00:34:24,24.2,47.9
2026-10-09,00:34:54,24.2,47.8
2026-10-09,00:35:24,24.2,47.8
2026-10-09,00:35:54,24.1,47.9
2026-10-09,00:36:24,24.1,47.9
2026-10-09,00:36:54,24.1,47.9
2026-10-09,00:37:24,24.1,48.0
2026-10-09,00:37:54,24.1,47.9
2026-10-09,00:38:26,24.2,47.8
2026-10-09,00:38:54,24.2,47.8
2026-10-09,00:39:24,24.2,47.8
2026-10-09,00:39:54,24.2,47.8
2026-10-09,00:40:24,24.2,47.8
2026-10-09,00:40:54,24.2,47.8
2026-10-09,00:41:24,24.2,47.8
2026-10-09,00:41:54,24.3,47.7
2026-10-09,00:42:24,24.3,47.8
2026-10-09,00:42:54,24.3,47.6
2026-10-09,00:43:24,24.3,47.7
2026-10-09,00:43:54,24.3,47.7
2026-10-09,00:44:24,24.3,47.7
2026-10-09,00:44:54,24.3,47.6
2026-10-09,00:45:24,24.2,47.7
2026-10-09,00:45:54,24.2,47.8
2026-10-09,00:46:24,24.2,47.8
2026-10-09,00:46:54,24.1,47.9
2026-10-09,00:47:24,24.1,48.0
2026-10-09,00:47:54,24.1,48.0
2026-10-09,00:48:24,24.1,48.1
2026-10-09,00:48:54,24.1,48.1
2026-10-09,00:49:24,24.1,48.1
2026-10-09,00:49:54,24.1,48.0
2026-10-09,00:50:24,24.2,47.9
2026-10-09,00:50:54,24.2,48.0
2026-10-09,00:51:24,24.1,48.0
2026-10-09,00:51:54,24.1,48.0
2026-10-09,00:52:24,24.1,48.0
2026-10-09,00:52:54,24.1,48.0
2026-10-09,00:53:24,24.1,48.0
2026-10-09,00:53:54,24.2,48.0
2026-10-09,00:54:24,24.1,48.0
2026-10-09,00:54:54,24.1,48.0
2026-10-09,00:55:24,24.1,48.1
2026-10-09,00:55:56,24.0,48.1
2026-10-09,00:56:24,24.1,48.1
2026-10-09,00:56:54,24.1,48.1
2026-10-09,00:57:24,24.1,48.0
2026-10-09,00:57:54,24.2,48.0
2026-10-09,00:58:26,24.3,47.8
2026-10-09,00:58:54,24.3,47.8
2026-10-09,00:59:24,24.3,47.8
2026-10-09,00:59:54,24.3,47.8
2026-10-09,01:00:26,24.2,47.9
2026-10-09,01:00:54,24.2,47.9
2026-10-09,01:01:24,24.2,48.0
2026-10-09,01:01:54,24.1,48.0
2026-10-09,01:02:24,24.1,48.1
2026-10-09,01:02:54,24.1,48.1
2026-10-09,01:03:24,24.0,48.2
2026-10-09,01:03:54,24.0,48.2
2026-10-09,01:04:24,24.0,48.2
2026-10-09,01:04:54,24.0,48.2
2026-10-09,01:05:24,24.1,48.2
2026-10-09,01:05:54,24.1,48.1
2026-10-09,01:06:24,24.1,48.1
2026-10-09,01:06:54,24.1,48.1
2026-10-09,01:07:24,24.1,48.1
2026-10-09,01:07:54,24.1,48.1
2026-10-09,01:08:54,24.1,48.1
2026-10-09,01:09:24,24.1,48.2
2026-10-09,01:09:54,24.0,48.2
2026-10-09,01:10:24,24.0,48.3
2026-10-09,01:10:54,24.1,48.2
2026-10-09,01:11:24,24.1,48.1
2026-10-09,01:11:54,24.1,48.2
2026-10-09,01:12:24,24.0,48.3
2026-10-09,01:12:54,24.0,48.3
2026-10-09,01:13:24,24.0,48.3
2026-10-09,01:13:54,24.0,48.3
2026-10-09,01:14:24,24.1,48.3
2026-10-09,01:14:56,24.1,48.2
2026-10-09,01:15:24,24.1,48.2
2026-10-09,01:15:54,24.1,48.2
2026-10-09,01:16:24,24.1,48.2
2026-10-09,01:16:54,24.1,48.2
2026-10-09,01:17:24,24.1,48.1
2026-10-09,01:17:54,24.2,48.1
2026-10-09,01:18:26,24.2,48.0
2026-10-09,01:18:54,24.2,48.0
2026-10-09,01:19:24,24.2,48.0
2026-10-09,01:19:54,24.2,47.9
2026-10-09,01:20:24,24.3,47.8
2026-10-09,01:20:54,24.3,47.9
2026-10-09,01:21:26,24.2,48.0
2026-10-09,01:21:54,24.2,47.9
2026-10-09,01:22:26,24.2,48.0
2026-10-09,01:22:54,24.2,48.0
2026-10-09,01:23:24,24.2,48.0
2026-10-09,01:23:54,24.2,48.1
2026-10-09,01:24:24,24.2,48.1
2026-10-09,01:24:54,24.2,48.0
2026-10-09,01:25:24,24.3,47.9
2026-10-09,01:25:54,24.2,47.9
2026-10-09,01:26:26,24.1,48.1
2026-10-09,01:26:54,24.1,48.1
2026-10-09,01:27:24,24.1,48.1
2026-10-09,01:27:54,24.1,48.2
2026-10-09,01:28:24,24.1,48.1
2026-10-09,01:28:56,24.2,48.1
2026-10-09,01:29:24,24.2,48.1
2026-10-09,01:29:56,24.2,48.1
2026-10-09,01:30:24,24.2,48.1
2026-10-09,01:30:54,24.2,48.1
2026-10-09,01:31:24,24.2,48.1
2026-10-09,01:31:54,24.2,48.0
2026-10-09,01:32:24,24.2,48.0
2026-10-09,01:32:54,24.3,48.0
2026-10-09,01:33:24,24.2,47.9
2026-10-09,01:33:56,24.2,48.0
2026-10-09,01:34:24,24.3,47.9
2026-10-09,01:34:54,24.2,47.9
2026-10-09,01:35:26,24.2,48.0
2026-10-09,01:35:54,24.2,48.0
2026-10-09,01:36:24,24.2,48.1
2026-10-09,01:36:54,24.2,48.0
2026-10-09,01:37:24,24.1,48.1
2026-10-09,01:37:54,24.1,48.3
2026-10-09,01:38:24,24.1,48.2
2026-10-09,01:38:54,24.1,48.3
2026-10-09,01:39:24,24.1,48.3
2026-10-09,01:39:54,24.1,48.3
2026-10-09,01:40:24,24.1,48.3
2026-10-09,01:40:54,24.1,48.3
2026-10-09,01:41:24,24.1,48.3
2026-10-09,01:41:54,24.1,48.3
2026-10-09,01:42:26,24.1,48.4
2026-10-09,01:42:54,24.1,48.3
2026-10-09,01:43:24,24.1,48.4
2026-10-09,01:43:54,24.1,48.4
2026-10-09,01:44:24,24.1,48.4
2026-10-09,01:44:54,24.0,48.4
2026-10-09,01:45:24,24.1,48.4
2026-10-09,01:45:56,24.1,48.4
2026-10-09,01:46:24,24.1,48.4
2026-10-09,01:46:54,24.0,48.4
2026-10-09,01:47:24,24.0,48.4
2026-10-09,01:47:56,24.1,48.4
2026-10-09,01:48:24,24.1,48.4
2026-10-09,01:48:54,24.1,48.4
2026-10-09,01:49:24,24.0,48.5
2026-10-09,01:49:54,24.1,48.4
